client_id,nom,email,date_inscription,pays
1,Donald Walker,rhodespatricia@example.org,2024-12-20,Canada
2,Brandon Hall,hoffmanjennifer@example.net,2024-10-27,USA
3,Kevin Pacheco,blakeerik@example.com,2024-09-07,France
4,Tyler Rogers,jamesmichael@example.com,2024-01-27,Germany
5,Monica Herrera,smiller@example.net,2024-11-11,Germany
6,Laura Bush,stanleykendra@example.org,2024-11-27,UK
7,Jamie Chavez,francisco53@example.net,2025-08-13,Canada
8,Maria Lynch,amandasanchez@example.com,2023-11-08,Japan
9,Margaret Hawkins DDS,perezantonio@example.com,2024-03-10,Canada
10,Thomas Bradley,jason76@example.net,2024-04-03,China
11,David Hoffman,julie69@example.com,2024-06-05,India
12,Brenda Snyder PhD,hernandezernest@example.net,2024-02-20,USA
13,James Ferrell,tasha01@example.net,2024-04-26,USA
14,Patricia Peterson,ryan70@example.net,2025-09-14,Canada
15,Jonathan White,harrellkenneth@example.net,2025-09-05,Germany
16,James Martin,georgetracy@example.org,2024-07-28,Germany
17,Sandra Parker,allenashley@example.org,2025-11-02,Japan
18,Mr. Philip Cannon,donnaarroyo@example.org,2023-04-23,China
19,Jenny Lewis,jenniferross@example.net,2023-11-06,USA
20,Joseph Martinez,calebsmith@example.net,2024-12-31,Japan
21,Benjamin Welch,carlosjohnson@example.com,2023-09-28,Germany
22,Michael Lewis,jenniferkhan@example.net,2023-04-07,Japan
23,Rhonda Lee,hopkinsmichael@example.com,2024-06-20,India
24,Megan Joyce,brownjessica@example.org,2024-06-14,Germany
25,Jerry Henderson,steven17@example.net,2023-10-19,Brazil
26,Kimberly Smith,housemelinda@example.org,2023-05-07,China
27,Dr. Steven Martin,gallowayjoseph@example.com,2024-04-09,France
28,Monica Logan,smoore@example.org,2023-11-28,USA
29,Kimberly Adkins,williamsthomas@example.net,2025-12-15,UK
30,Angela Lopez,leonardjoe@example.org,2023-07-11,India
31,Lauren Williams,barnesbrandy@example.net,2025-11-16,Australia
32,Michael Edwards,randy47@example.com,2024-01-01,France
33,Alexandra Howell,jonesjason@example.com,2025-11-02,UK
34,Benjamin Sanchez,eric84@example.net,2023-06-14,Germany
35,Kendra Contreras,sarah12@example.com,2026-01-01,Australia
36,Juan Nelson,jenniferharris@example.net,2023-05-26,Canada
37,Danielle Odonnell,davisrodney@example.com,2025-08-10,Canada
38,Carlos Whitney,joycearnold@example.com,2023-03-09,India
39,Tony Vazquez,amydavenport@example.net,2024-09-25,Canada
40,Andrew Diaz,nolanjason@example.org,2024-09-16,Australia
41,Justin Baxter,sarayoung@example.org,2025-01-19,Australia
42,Sierra Johnson,kimberly63@example.com,2025-12-23,China
43,Janet Williams,dwalker@example.com,2023-07-13,France
44,Crystal Johnson,raymondramirez@example.org,2023-12-20,USA
45,Martin Ross,sheila14@example.org,2025-12-13,Brazil
46,Mrs. Linda Reed,samuel81@example.com,2024-10-16,Japan
47,Andrew Graham,michaeljones@example.net,2025-09-30,Canada
48,Mary Martinez,william65@example.com,2025-10-24,India
49,Cheryl Ortega,lbyrd@example.net,2025-02-21,Canada
50,Roy Torres,russellcarpenter@example.net,2024-10-04,Japan
51,Michael Dixon,donnacampbell@example.net,2024-01-07,France
52,Robert Potter,jeffrey32@example.org,2024-12-13,China
53,Miss Patricia Gibson,jennifercruz@example.com,2023-03-11,Australia
54,Abigail Potter,osbornejeffery@example.net,2023-10-14,China
55,David Charles,danderson@example.net,2024-08-09,Germany
56,Emily Fischer,usalazar@example.net,2024-08-23,Canada
57,Jill Moore,wcole@example.org,2024-05-01,USA
58,Richard Washington,joshuajones@example.com,2025-07-27,Germany
59,Steven Miller,jessebenson@example.net,2023-10-03,France
60,Gary Owens,clarkrobert@example.net,2023-09-11,Canada
61,Spencer Johnston,wsmith@example.com,2025-11-20,Germany
62,Tiffany Barnes,tracynelson@example.com,2025-04-24,Canada
63,Michael Powell,marycalhoun@example.net,2023-02-20,India
64,Leslie Alvarado,dayderek@example.com,2024-08-26,France
65,Garrett Gibson,kathleen64@example.com,2023-08-06,Brazil
66,Alec Ryan,jeffrey10@example.org,2023-10-23,Australia
67,Alex Hernandez,thomaswilson@example.org,2025-11-24,UK
68,Jacob Obrien,stricklandfrank@example.com,2024-06-12,Australia
69,Eric Byrd,tsanders@example.org,2023-05-18,Australia
70,Lori Garcia,melissa91@example.net,2023-04-13,Germany
71,Jeffrey Wood,alexander67@example.org,2025-05-25,France
72,Steven Stevens,ryangross@example.net,2024-05-08,Canada
73,Kimberly Webb,lpetersen@example.com,2023-11-11,China
74,Timothy Ramirez,dsanchez@example.net,2024-01-07,UK
75,Allen Rosales,tonykelly@example.com,2024-11-18,Japan
76,Meredith Hill,blackjames@example.org,2024-01-27,Germany
77,Peter Vaughn DDS,bwest@example.org,2025-03-18,UK
78,David Beck,thomas85@example.com,2023-12-08,Brazil
79,Heather Chavez,john13@example.com,2026-01-15,India
80,Pamela Lopez,joannahill@example.net,2023-05-30,France
81,Diane Garcia,kennethward@example.com,2025-12-24,Japan
82,Denise Mccann,heidi27@example.org,2023-02-04,Germany
83,Julie Alexander,tammyking@example.com,2025-09-01,Australia
84,John Ray,hernandezlisa@example.com,2023-05-24,USA
85,Justin Butler,kimberlyjames@example.com,2023-04-23,Germany
86,Jessica Carroll,lynchjody@example.org,2023-12-11,USA
87,Brad Allen,moorericky@example.net,2024-12-04,Australia
88,David Mann,ojones@example.com,2024-10-31,India
89,Mary Peck,owilson@example.net,2025-05-31,France
90,Charles Brown,brooke94@example.com,2023-07-02,Canada
91,Melissa Bender,mkim@example.org,2023-06-05,Germany
92,Lindsey Johnson,suzannehuff@example.net,2025-09-19,China
93,Phillip Underwood,hinesgregory@example.net,2024-10-23,Australia
94,Catherine Richards,ecosta@example.com,2025-01-02,Germany
95,Brian Martin,ssteele@example.net,2024-04-11,Brazil
96,Krista Gibson,johnny16@example.net,2025-11-19,India
97,Sean Murray,lopezmichael@example.com,2025-07-11,Brazil
98,Christina Dunn,samuel71@example.org,2024-12-04,UK
99,Cynthia Moore,tranchristopher@example.org,2025-12-20,France
100,Ronnie Jimenez,william46@example.com,2024-06-08,UK
101,Juan Reyes,michellehill@example.com,2025-12-28,Germany
102,Debra Smith,mary97@example.org,2024-01-27,Japan
103,Mr. Phillip Bennett,molly39@example.com,2024-05-22,Japan
104,Amanda Garner,qhughes@example.net,2023-10-02,France
105,Andrew Shaw MD,sawyerscott@example.net,2025-12-28,China
106,Charles Pitts,charlesharrington@example.com,2025-10-12,India
107,Marie Christian,ofinley@example.net,2024-01-25,China
108,Joshua Williamson II,wendy16@example.org,2025-09-17,India
109,Ashlee Jackson,rebecca05@example.org,2025-05-01,Australia
110,Charles Schmidt,georgemiller@example.com,2023-12-07,Germany
111,Thomas Thomas,dlittle@example.com,2024-11-28,UK
112,Julie Roberts,charleslandry@example.net,2025-01-19,Japan
113,Melissa Bryant,james67@example.org,2023-12-13,Brazil
114,Laura Haney,andrew64@example.org,2023-10-06,Canada
115,Natasha Williams,swall@example.org,2024-09-30,USA
116,Mark Oliver,courtneyberger@example.net,2024-11-14,Canada
117,Amanda Diaz,christopherphillips@example.net,2023-03-04,UK
118,Richard Walter,alyssa42@example.com,2024-04-18,UK
119,Tracy Phillips,linda71@example.org,2025-10-16,India
120,Michael Craig,zcoffey@example.net,2025-04-24,China
121,Alexis Herrera,vrichardson@example.net,2024-02-24,Canada
122,Mark Watson,thomasharvey@example.net,2023-11-03,India
123,Maria Reid,tblankenship@example.net,2024-01-14,India
124,Tracy Torres,pwilson@example.net,2024-04-11,China
125,Michael Paul,umatthews@example.org,2023-06-17,Brazil
126,Sandra Gilbert,antonio53@example.com,2025-09-15,Japan
127,Jack Pollard,amy50@example.com,2024-05-20,France
128,Tiffany Holloway,batesdarlene@example.net,2023-11-18,Japan
129,Gavin Zhang,caseyhubbard@example.org,2025-12-18,USA
130,Crystal Schroeder,ramireztracey@example.org,2024-10-23,Canada
131,Ashley Delacruz,alexistyler@example.org,2024-09-02,Japan
132,Derek Martinez,vfox@example.org,2024-10-25,France
133,Kayla Rodriguez,soniawilliams@example.net,2024-06-24,Australia
134,Victor Brown,bboone@example.net,2024-08-12,Canada
135,Jill Lam,charlene12@example.com,2023-05-18,France
136,Michelle James,shawn96@example.org,2024-12-03,India
137,Matthew Rich,russellbeasley@example.com,2025-06-06,UK
138,Jason Davis,qedwards@example.com,2024-01-26,Brazil
139,Kara Davis,daviscolin@example.net,2025-11-29,USA
140,Anthony Frye,elizabeth65@example.net,2024-03-03,France
141,Thomas Williams,caroline51@example.net,2025-11-15,Japan
142,John Boone,megan51@example.com,2024-07-28,UK
143,Sarah Villegas,lynchdiane@example.net,2024-10-09,Japan
144,Michael Parker,michael22@example.net,2023-11-08,Canada
145,Patrick Bonilla,reesejason@example.com,2025-01-08,France
146,Eric Nguyen,wareeric@example.net,2024-05-30,Japan
147,Jeremy Coleman,nperry@example.net,2023-03-15,China
148,Douglas Gregory,trose@example.org,2023-05-24,Germany
149,Mrs. Christine Dougherty,kathrynroberts@example.org,2023-09-18,UK
150,Casey James,vincentwhitaker@example.com,2023-01-28,Australia
151,Amanda Smith,atkinsbarbara@example.net,2023-04-08,UK
152,Donna Sullivan,george97@example.net,2024-04-06,Japan
153,Ryan Sanchez,zwarren@example.com,2025-10-23,Japan
154,Richard Jones,schmidtjames@example.com,2025-04-15,USA
155,Maria Hernandez,thomasjames@example.net,2024-02-08,China
156,Angela Bean,kmarshall@example.net,2023-07-06,Australia
157,Kristy Reid,michelle52@example.com,2024-05-25,Brazil
158,Eric Hill,bellcharles@example.com,2023-04-04,USA
159,Ronald Jones,gilbertwilliam@example.com,2024-05-28,Canada
160,Nancy Williams,marcalvarez@example.org,2024-10-16,Australia
161,Robert Monroe,wagnergerald@example.org,2025-12-03,France
162,Kelly Bishop MD,paul59@example.org,2025-03-04,Germany
163,Andrea Davis,umitchell@example.net,2025-06-02,USA
164,Brittany Miller,sabrinacollins@example.net,2025-12-11,Germany
165,Kurt Hurley,angelica52@example.net,2025-02-22,China
166,Yolanda Gaines,lucasrodney@example.com,2025-02-27,Canada
167,Trevor Peterson,ilee@example.org,2023-02-08,Canada
168,Ashley Wise,stanleynancy@example.net,2023-04-14,Brazil
169,Christopher Guerra,jenniferwilliams@example.com,2023-06-12,Canada
170,Jeremy Mitchell,pyoung@example.com,2025-01-29,Japan
171,Stephanie Lee,smurray@example.com,2025-12-12,UK
172,Christopher Gonzalez,moniquewilliams@example.com,2024-07-23,UK
173,Ashley Singleton,mitchellkathryn@example.com,2025-09-03,Brazil
174,Sandra Davis,lisawilkerson@example.org,2024-05-26,Japan
175,James Hughes,brooksanthony@example.org,2024-04-18,UK
176,Raven Taylor,samantha72@example.net,2025-07-26,France
177,Susan Smith,marydunn@example.net,2024-06-16,Japan
178,Ricardo Young,williamsrobert@example.net,2024-11-16,China
179,Taylor Carlson,chenbailey@example.net,2024-06-03,India
180,Lucas Allen,qlopez@example.org,2023-06-26,Germany
181,Troy Stephens,myerstheodore@example.net,2024-08-15,Japan
182,Paul Kelly,cooperjessica@example.net,2024-03-18,Germany
183,Nicole Anderson,amy27@example.net,2023-05-13,France
184,Chad Baldwin,mjohnson@example.org,2024-06-26,India
185,Emily Collins,ihays@example.com,2025-06-04,Australia
186,Cheryl Kelly,glennmartin@example.org,2023-10-24,Brazil
187,James Gonzales,lmorgan@example.com,2025-06-13,Japan
188,Robert Adams,acostachristian@example.net,2025-02-15,Brazil
189,Edward Garcia,donna47@example.net,2026-01-13,Canada
190,Jeremy West,christina64@example.net,2025-03-15,Germany
191,Angela Walsh,william20@example.org,2025-12-28,Germany
192,Jessica Martinez,kimberlydiaz@example.com,2025-08-06,Canada
193,Christian Cole,nathan19@example.org,2025-11-24,Australia
194,Matthew Wright,johnsonjacob@example.net,2024-08-21,USA
195,Deborah Green,nlewis@example.com,2024-03-18,China
196,Mrs. Brandy Jones MD,zosborn@example.net,2025-02-17,Japan
197,Miss Michelle Pierce,patricia22@example.com,2025-12-14,Germany
198,Curtis Taylor,jjohnson@example.net,2024-07-30,China
199,Kristen Salazar,jonesraymond@example.net,2024-02-27,Germany
200,Patricia Morrow,martinezlogan@example.org,2025-03-17,USA
201,Haley Humphrey,katrinaanderson@example.net,2024-05-26,Canada
202,Caleb Hernandez,fernandodonovan@example.org,2025-10-13,USA
203,Stephanie Singleton,james84@example.org,2024-02-02,Germany
204,Anna Davidson,georgeweber@example.net,2024-12-04,Canada
205,Amanda Shields,williamsdarlene@example.net,2024-01-24,USA
206,Kenneth Montgomery,jimenezcourtney@example.com,2023-11-05,Australia
207,David Aguirre,eevans@example.net,2024-12-22,Canada
208,John Harris,larryhiggins@example.net,2023-03-26,Japan
209,James Hodges,floressteven@example.com,2026-01-05,Germany
210,Anthony Dougherty,kwright@example.com,2024-05-26,France
211,Cheryl Moore,tjimenez@example.com,2025-11-07,Brazil
212,Kathy Levy,brandywilliams@example.com,2023-02-14,Germany
213,Martha Ruiz,booneryan@example.com,2024-07-14,Japan
214,Holly Morales,michaelroberts@example.com,2025-03-26,UK
215,Diana Hays,andersoncolin@example.com,2024-07-25,China
216,Todd Fischer,carriemorales@example.org,2025-06-08,China
217,Gary Wells,ghernandez@example.org,2023-03-10,Brazil
218,Carla Ewing,brittney88@example.net,2024-01-14,Germany
219,Karen Smith,emily69@example.com,2024-07-09,Brazil
220,Melissa Johnson,pbaker@example.net,2025-06-10,India
221,Lauren Jackson,rhernandez@example.org,2024-10-13,Germany
222,Ashley Smith,robert63@example.com,2023-02-23,Canada
223,Kaitlyn Charles,thorntonapril@example.net,2024-07-22,Canada
224,Kelly Edwards,stevepatel@example.net,2024-01-10,India
225,Michelle Schneider,chelsea33@example.com,2024-02-11,Australia
226,William Evans,janet75@example.com,2024-09-22,India
227,Rebecca Hill,berryamy@example.com,2024-02-05,India
228,Regina Roberts,stephanie15@example.com,2025-07-04,Brazil
229,Cindy Clayton,sarah42@example.org,2025-01-07,USA
230,Dana Santiago,danawilliams@example.com,2024-11-24,Canada
231,Michael Taylor,richarddonovan@example.com,2024-01-16,USA
232,Victor Morris,velezchristopher@example.net,2024-06-25,India
233,Sarah Johnson,robertmonroe@example.org,2023-10-01,Australia
234,Jon Zuniga,nancy04@example.net,2026-01-15,Canada
235,Frances Gibson,ismall@example.net,2024-11-10,Germany
236,Brian Martin,twong@example.org,2024-06-15,Germany
237,Edward Craig,gregorychase@example.com,2023-02-04,Germany
238,Angie Caldwell,tinawoods@example.org,2025-07-13,Japan
239,Jeremy Adams,kevin90@example.com,2023-01-27,Brazil
240,Amy Wilson,erik84@example.net,2025-01-04,UK
241,Elizabeth Mendez,susanmendoza@example.com,2023-05-28,India
242,Jennifer Dunn,ztodd@example.net,2025-04-17,UK
243,Melanie Larson,foxallison@example.com,2025-07-12,France
244,Amy Kelley,ashleyhernandez@example.com,2023-04-15,Brazil
245,Michael Love,gdavis@example.com,2025-08-12,Germany
246,Jose Bryant,hansenemily@example.com,2025-06-23,Canada
247,Robert Reese,williamsmelvin@example.org,2025-03-21,Brazil
248,Steven Andersen,ajohnson@example.org,2024-09-03,Japan
249,Veronica Brewer,ybrooks@example.com,2025-05-11,Canada
250,Jaime Vega,desireebailey@example.org,2025-08-29,USA
251,Cameron Irwin,avilatiffany@example.com,2026-01-11,Japan
252,Kim Morrow,stevenmoore@example.org,2025-01-26,USA
253,Ashley Pacheco,bmendez@example.org,2025-11-11,Canada
254,Andrew Harper,sanchezbradley@example.com,2023-09-02,Germany
255,Scott Brown,jim95@example.net,2023-10-03,UK
256,Erica Turner,valerieboyd@example.com,2024-11-04,India
257,Travis Hobbs,conniesimmons@example.com,2023-12-15,Brazil
258,Mason James,heather62@example.com,2023-03-12,Brazil
259,Kara Atkinson,meredith27@example.org,2024-03-07,Germany
260,Kristin Anderson,jonathanrivera@example.org,2024-09-26,India
261,Anna Hardy,brettbennett@example.net,2025-10-25,USA
262,Chelsea Gill,timothybooth@example.com,2024-11-10,UK
263,Christy Lee,burgesskaren@example.org,2023-12-17,India
264,Jennifer Allen,kimberly67@example.net,2025-02-19,USA
265,Ian Andrade,ugarcia@example.com,2024-12-30,India
266,Dale Edwards,hartjeffrey@example.org,2025-05-02,France
267,Lauren Cortez,elijah53@example.com,2023-02-06,Brazil
268,Juan Harding,jonathan77@example.com,2024-10-04,France
269,Caroline Cortez,iwhite@example.net,2023-07-23,India
270,Sara Jones,duranrobert@example.net,2025-12-03,Japan
271,Alexa Wagner,bruce97@example.net,2023-09-30,Brazil
272,Juan Smith,amanda40@example.net,2024-07-07,UK
273,Renee Browning,hullalice@example.org,2025-06-28,Germany
274,Robin Adams,zmiller@example.com,2023-08-18,France
275,Courtney Sutton DVM,davisnicholas@example.net,2024-09-29,Germany
276,Michele Miller,vnewman@example.net,2024-06-24,USA
277,Stephanie Ellison,jasonparrish@example.net,2025-12-25,China
278,Benjamin Frost,whitemelissa@example.org,2024-06-23,Japan
279,Nicole Marquez,thickman@example.org,2025-12-07,USA
280,Sarah Rhodes,patrick21@example.net,2024-09-28,Australia
281,Brent Hall,petersonkayla@example.net,2025-04-15,USA
282,Alyssa Nelson,whenry@example.net,2024-03-29,USA
283,Michael Guerrero,bartonkenneth@example.org,2025-11-15,China
284,Christian Dawson,jodistewart@example.org,2025-03-10,Brazil
285,Jill Juarez,andersonjacob@example.com,2023-04-30,Japan
286,Ashley Davis,carlsonkristen@example.com,2024-09-20,Japan
287,Richard Hardy,ashleyjackson@example.com,2023-02-02,UK
288,Derrick Thomas,ryanfisher@example.com,2023-07-24,USA
289,Tony Le,mwheeler@example.com,2025-05-26,Japan
290,Travis Cook,vbrock@example.com,2023-05-17,Canada
291,Shannon Mccann,kevinmorrison@example.net,2024-01-21,UK
292,Vincent Novak,jessica79@example.org,2023-08-27,Canada
293,Richard Diaz,brittanygardner@example.net,2024-01-11,China
294,Nicholas Hahn,samuelcarter@example.net,2025-05-09,Canada
295,Rebecca Chambers,cynthiaallen@example.net,2023-04-05,Germany
296,James Cole,iaguilar@example.net,2023-07-07,India
297,Jennifer Johnson,jacqueline89@example.net,2025-10-27,Canada
298,David Ortega,deborahwilliams@example.net,2025-10-17,China
299,Paul Sheppard,grodriguez@example.com,2025-01-30,Germany
300,Kristin Watts,seanmyers@example.net,2023-09-20,China
301,Haley Johnson,phillipssamantha@example.org,2024-10-25,China
302,Brenda Collins,hmueller@example.com,2023-05-27,USA
303,Nathan Chavez,evanslisa@example.org,2024-02-05,China
304,Brian Marsh,zacharyarnold@example.com,2023-02-13,Canada
305,Crystal Sullivan,jacobsandoval@example.com,2024-09-24,India
306,Christina Vargas,nsmith@example.org,2023-02-20,China
307,Rebecca Ray,michaelgonzalez@example.org,2023-11-20,China
308,Kelsey Fowler,lcarr@example.org,2023-11-03,Japan
309,Lisa Cervantes,samantha91@example.net,2024-02-04,Australia
310,Eric White,williambarnes@example.org,2023-06-15,France
311,John Medina,angelaburns@example.org,2024-10-10,Germany
312,Lisa Glenn,washingtonjames@example.com,2023-08-12,Australia
313,Kathleen Cohen,cmckinney@example.com,2025-12-10,Germany
314,Rebecca Walker,hillamanda@example.org,2023-07-22,France
315,Patricia Simpson,armstrongjoseph@example.net,2025-05-23,India
316,Rodney Williams,bpayne@example.org,2025-07-09,UK
317,Danielle Golden,colemichael@example.org,2025-04-04,France
318,Patricia Young PhD,michelle96@example.org,2024-05-14,Brazil
319,Robin Trujillo,amanda98@example.org,2024-11-24,Australia
320,Donna Adams,taylorkaren@example.com,2024-01-09,Canada
321,Sharon Martinez DVM,dustinmorris@example.org,2025-10-22,USA
322,Katherine Ray,courtney67@example.org,2025-05-02,Brazil
323,Anna Robertson,heather57@example.com,2024-12-13,China
324,Raymond Oconnor,sreid@example.com,2024-01-13,China
325,Jennifer Donaldson,troymorris@example.com,2025-08-07,Canada
326,Kylie Washington,patricia00@example.org,2024-01-24,Canada
327,Alexis Noble,scottsmith@example.com,2024-12-05,Japan
328,Bonnie Santos,nancymcdowell@example.org,2023-08-29,Germany
329,Jacob Mckee,brettgarrett@example.net,2025-01-05,Japan
330,Matthew Padilla,lewischristian@example.net,2025-02-23,France
331,Alexandra Dominguez,mcneilrobert@example.org,2023-09-24,UK
332,Brandon Shaffer,edwardsnicole@example.org,2024-06-26,Australia
333,Shelly May,caseyelliott@example.net,2024-03-14,Canada
334,Nathan Fuller,samanthajensen@example.com,2024-12-31,Germany
335,Brian Goodwin,bbell@example.com,2025-08-18,Australia
336,Matthew Wright,kimberly04@example.org,2025-06-04,France
337,Nicole Phillips,bowerslaura@example.org,2024-08-08,UK
338,Jonathan Wheeler,hatfieldsarah@example.org,2024-07-14,Brazil
339,Jennifer Payne,kathrynbest@example.org,2024-03-18,Japan
340,Dennis Williams,fryraymond@example.com,2023-02-07,France
341,Jennifer Miles,davidsonamanda@example.org,2024-12-08,China
342,Jorge Harris,amandamyers@example.net,2023-11-19,Japan
343,Maria Collins,pblair@example.org,2025-05-04,USA
344,Audrey Salazar,parkerjudith@example.net,2023-10-14,Japan
345,Chad Smith,hbenton@example.net,2023-07-31,France
346,Carol Martinez,jessica10@example.com,2025-05-26,Canada
347,Austin Joseph,crawfordwilliam@example.org,2025-06-21,UK
348,Holly Scott,shannonemily@example.org,2024-07-20,France
349,Amanda Roy,brandoncox@example.org,2023-09-27,Canada
350,Amanda Pratt,pwalker@example.com,2023-08-03,Canada
351,Roger Duncan,shawrachel@example.org,2025-10-18,Japan
352,Amber Morales,xcline@example.com,2023-09-21,UK
353,Aimee Gonzalez,jodi37@example.com,2024-01-13,France
354,Raymond Gonzalez DVM,edwardrandolph@example.org,2024-10-28,France
355,Ryan Wiley,aaron64@example.org,2023-10-02,China
356,Mrs. Tonya Kaufman,jenniferdavis@example.org,2023-09-01,Germany
357,Mercedes Watson,carpenterwilliam@example.net,2025-09-28,Australia
358,Keith Graham,joelgreen@example.com,2025-07-05,Germany
359,Ronnie Nguyen,enelson@example.org,2025-10-30,France
360,Ashley Garcia,aowens@example.org,2023-06-18,Japan
361,Christine Parker,melissa12@example.net,2024-08-28,Brazil
362,Lindsey Lewis,eddie35@example.com,2023-12-19,France
363,Debbie Ewing,cranemelissa@example.net,2024-08-04,USA
364,Joel Lara,davidbrown@example.org,2025-04-18,Canada
365,Jacqueline Mccoy,aguilarjonathan@example.org,2023-06-12,India
366,Steven Ramos,christopherboone@example.com,2023-02-12,France
367,Amber Glass,zunderwood@example.com,2023-06-03,USA
368,Carrie Lewis,joshuagriffin@example.org,2023-02-21,USA
369,Danielle Phillips,eandrade@example.org,2023-02-26,Australia
370,Jason Day,crystalpham@example.org,2023-04-26,UK
371,Heather Stephens,kcooper@example.net,2026-01-07,France
372,Alexander Harper,huangkimberly@example.org,2024-01-07,UK
373,Hunter Silva,terrigarcia@example.net,2025-06-23,Brazil
374,Raven Mclaughlin,barbaramcgrath@example.com,2023-10-11,Japan
375,Sarah Thompson,linda59@example.org,2024-02-12,India
376,Keith Thomas,marycochran@example.com,2025-02-28,Japan
377,Andrew Brown,andrewwoods@example.com,2024-09-04,USA
378,Carlos Love,brian29@example.net,2025-10-21,Canada
379,Sarah Valencia,brookssheri@example.com,2025-10-20,Canada
380,Frank Daugherty,fconner@example.net,2024-10-22,UK
381,Kristina Preston,jeffrey92@example.com,2024-01-02,Japan
382,Bethany Daniel,xrosales@example.net,2023-12-21,USA
383,Tammy Ponce,daniellegarcia@example.com,2023-02-24,Australia
384,Cynthia Haas,daisymccarty@example.net,2023-06-23,China
385,Gabriela Smith,johnjones@example.com,2025-01-22,Japan
386,Amber Kim,acosta@example.com,2025-05-30,UK
387,James Poole,franciscojones@example.org,2025-09-11,India
388,Trevor Jones,pamelamartin@example.org,2023-12-08,UK
389,Anna Wheeler,bbush@example.net,2024-09-10,USA
390,Brooke Garcia,terriortiz@example.net,2023-07-19,France
391,Deborah Campbell,codylong@example.net,2025-03-20,Australia
392,Isaac Patterson,madison97@example.org,2025-07-27,USA
393,Mark Rowland,tanthony@example.com,2023-05-06,Australia
394,Deborah May,ylopez@example.com,2024-06-18,Germany
395,Jeremiah Baker,anne21@example.org,2023-08-12,Germany
396,Jennifer Avila,angelarandall@example.net,2025-01-20,Canada
397,Sharon Wells,thomasmiller@example.net,2024-04-22,Australia
398,Kellie Duncan,davidtodd@example.org,2023-02-27,Japan
399,Daniel Lee,hendersonvanessa@example.com,2025-11-24,India
400,Brittany Larson,renee11@example.com,2023-08-29,China
401,Shannon Stone,buchanancindy@example.net,2024-09-20,UK
402,Chase Knight,buckleyanna@example.org,2025-05-24,Germany
403,Sheryl Humphrey,patrick79@example.net,2025-05-29,UK
404,Jamie Montgomery,vwilliams@example.net,2024-06-20,UK
405,Tammie Prince,morganlaura@example.com,2023-10-07,India
406,Michael Garcia PhD,kevinmanning@example.com,2023-11-22,USA
407,Matthew Lopez,robinrussell@example.com,2023-11-11,UK
408,Samantha Robertson,cameronmckinney@example.com,2025-04-30,Australia
409,Sherry Johnson,nancygonzalez@example.org,2023-06-17,India
410,Thomas Bush,micheal78@example.com,2023-10-20,Germany
411,Andre Watson,ethompson@example.net,2024-12-15,France
412,Ryan Green,mitchellpaul@example.org,2024-09-14,UK
413,Cindy Walker,ericaadams@example.com,2025-08-11,Canada
414,Tracy Fleming,pbuck@example.org,2024-08-04,India
415,David Trujillo,jennifer46@example.com,2024-11-08,USA
416,Daniel Turner,asilva@example.net,2025-08-09,Brazil
417,Sara Hoffman,kenneth17@example.org,2026-01-18,Germany
418,Frederick Hill,jacob83@example.org,2024-01-23,Germany
419,Lindsay Guerrero,jenniferrios@example.com,2025-06-19,Brazil
420,James Johnson,matthewreeves@example.net,2023-10-31,Australia
421,Susan Powers,megan82@example.com,2024-08-27,France
422,David Stokes,staceylam@example.net,2023-05-06,Germany
423,Patrick Parker,nathan94@example.com,2023-04-27,Germany
424,Sean Silva,kennedyjames@example.org,2025-08-09,USA
425,Edwin Brown,derrickgonzalez@example.com,2025-08-26,Germany
426,Victoria Thomas,kimberlyfreeman@example.net,2026-01-04,India
427,Anthony Hayes,kathleenjackson@example.org,2026-01-04,Australia
428,Anita Mendez,epowell@example.com,2024-07-09,France
429,Monica Dodson,katherine83@example.org,2023-01-25,Canada
430,Danielle Steele,larry16@example.net,2025-01-30,France
431,Rodney Evans,stephen89@example.net,2024-10-25,Australia
432,Whitney Cooper,mhoward@example.org,2024-01-24,Japan
433,Jennifer Perez,jasonjohnson@example.net,2025-11-23,India
434,Matthew Johnson,kelsey90@example.net,2023-07-24,Japan
435,Martha Smith,butleromar@example.net,2026-01-13,Australia
436,Christine Jennings,turnerdorothy@example.net,2023-10-23,USA
437,Mercedes Barnes,huntchristine@example.com,2024-08-11,Canada
438,Craig Gonzalez,marie35@example.net,2023-05-24,France
439,Joshua Lozano,arivera@example.org,2024-04-12,UK
440,Sara Caldwell,stacychan@example.org,2025-01-24,China
441,David Hall,joseph01@example.org,2025-03-22,France
442,Heather Rhodes,grodgers@example.org,2025-09-03,USA
443,Matthew Murphy,rfriedman@example.net,2023-01-30,Canada
444,Catherine Morales,ynelson@example.net,2023-05-01,China
445,Mariah Robles,andersonjessica@example.org,2025-08-08,India
446,Karen Carroll,ywhite@example.com,2023-05-13,Australia
447,Sheryl Acosta,timothyfreeman@example.com,2024-11-19,Australia
448,Matthew Smith,tiffanysantiago@example.com,2024-05-16,India
449,Lisa Reynolds,timothyalvarado@example.net,2024-08-10,China
450,Kristin Huerta,smithsarah@example.net,2024-03-16,Japan
451,Sheila Jones,vflores@example.com,2025-08-06,Canada
452,Mason Powell,christianwallace@example.net,2023-03-16,India
453,Jillian Wilson,bmcgee@example.org,2024-05-24,China
454,Joshua Petersen,pamela83@example.net,2024-04-05,Germany
455,Heidi Brown,meganrivera@example.net,2025-01-24,France
456,Heidi Chavez,malonejeffrey@example.com,2024-11-06,USA
457,Rebecca Kelley,jacqueline02@example.com,2024-02-12,India
458,Mikayla Rodriguez,jacobconrad@example.com,2023-06-22,USA
459,Cheryl Morgan,owilliams@example.net,2023-09-13,Japan
460,Joanna Barrett,tamarasmith@example.net,2024-10-25,Japan
461,Sara Webb,heatherthompson@example.org,2023-03-14,Germany
462,Lisa Morris,mbarnes@example.net,2023-05-13,Australia
463,Victor Waller,iballard@example.com,2025-05-03,India
464,Kayla Cameron,jennifer83@example.org,2024-11-09,Canada
465,Melissa Morse,tinasantos@example.org,2023-09-06,Australia
466,Erica Wilson,anna99@example.net,2024-07-24,China
467,Stephanie Ferguson,hstokes@example.org,2025-03-07,Australia
468,Michael Gonzalez,tonyavega@example.org,2023-02-16,Canada
469,Elizabeth Molina,howardshaun@example.net,2025-07-27,France
470,Sharon Newton,yyoung@example.net,2025-08-27,Japan
471,Tammy Hughes,tammy00@example.net,2023-11-30,France
472,Priscilla Berg,rhondabush@example.net,2023-10-22,India
473,Nancy Gonzalez,kellythompson@example.net,2024-02-26,Australia
474,Nancy Wilson,pattersonangela@example.org,2023-04-11,India
475,Abigail Owens,billmcfarland@example.net,2023-07-15,France
476,Lisa Stanley,jtyler@example.com,2023-03-16,Japan
477,Kelly Krueger,hartmanerik@example.net,2023-04-09,UK
478,Daniel Lewis,mark43@example.net,2024-08-30,Germany
479,Samantha Zavala MD,sean99@example.org,2024-08-22,India
480,Erica Moon,cruzamber@example.com,2025-12-04,India
481,Patricia Robertson,stucker@example.net,2023-02-16,UK
482,Tiffany Jackson,simsjason@example.net,2023-08-18,China
483,Jessica Garcia,elucas@example.net,2025-05-16,China
484,Mitchell Johnson,brownlaura@example.net,2025-02-09,France
485,Susan Russell,bmccoy@example.com,2023-04-07,India
486,Kimberly May,avilabrenda@example.net,2023-02-07,Japan
487,Jonathan Roberts,catherine47@example.com,2025-08-05,USA
488,Kara Ferguson,julierobles@example.net,2024-03-27,France
489,Elizabeth Eaton,susan08@example.net,2023-12-09,France
490,Kenneth Long,torreskaitlin@example.net,2023-06-23,Germany
491,Matthew Hunt,jackjensen@example.com,2024-01-31,India
492,Robert Phelps,enewman@example.com,2023-08-20,China
493,Craig Carpenter,michael31@example.com,2025-01-24,China
494,Emily Hayes,heather29@example.net,2024-11-28,Australia
495,Jeffrey Smith,kristenjoseph@example.net,2024-02-23,Brazil
496,Brandy Quinn,wford@example.com,2024-05-11,Brazil
497,Matthew Miller,michele28@example.org,2024-07-06,Brazil
498,Angela Jones,atkinsoncrystal@example.net,2023-11-04,Germany
499,Christy Johnson,amy87@example.net,2024-10-14,Japan
500,Daniel Barton,dennis88@example.org,2025-05-17,Brazil
501,Mary Charles,katherinetaylor@example.org,2024-03-29,UK
502,Mary Faulkner,ccrosby@example.org,2023-08-04,Canada
503,Dennis Young,aprilmoody@example.com,2025-05-02,France
504,Anthony Hooper,dakota84@example.net,2024-06-17,Japan
505,Carrie Valdez,briana18@example.com,2023-11-04,China
506,Kelli Gomez,tommy79@example.org,2024-03-07,Australia
507,Christopher Jones,jason22@example.com,2024-07-22,Canada
508,Mary Perry,jennifer77@example.com,2024-11-09,Germany
509,Roy Johnson,andersonbrittany@example.org,2023-09-07,France
510,Kenneth Brown,sandra86@example.net,2024-12-09,Germany
511,Sherry Luna,stacey37@example.net,2025-12-16,Germany
512,Carolyn Greer,laurahoover@example.org,2026-01-11,UK
513,Carol Jennings,ecarlson@example.org,2024-12-02,USA
514,Alan Mills,mserrano@example.org,2024-03-09,USA
515,Linda Rich,davisdonna@example.net,2023-08-02,Germany
516,Todd Gregory,xboyd@example.org,2024-09-01,Brazil
517,Todd Olson,zbell@example.net,2025-02-21,China
518,Laura Coleman,thomas31@example.com,2025-10-10,Canada
519,Deanna Smith,lanedavid@example.org,2024-11-05,Brazil
520,Robert Ortiz,mooredenise@example.com,2024-03-05,India
521,Krystal Carr,afischer@example.net,2023-11-02,China
522,Mr. Justin King,becky62@example.net,2025-05-27,Germany
523,Richard Avery,lewisrichard@example.com,2023-05-30,India
524,Melinda Williams,aoconnell@example.org,2025-06-14,Brazil
525,Kyle Davis,jeffrey19@example.org,2025-07-09,India
526,Jennifer Douglas,jennifer90@example.org,2025-03-23,Germany
527,Dakota Sandoval,james98@example.net,2024-12-21,UK
528,Megan Ward,cantrellchristopher@example.com,2025-02-22,USA
529,James Willis,mclaughlincasey@example.org,2025-05-22,Canada
530,Kristin Aguilar,sylvia43@example.net,2024-09-12,India
531,Jared Smith,richardrodriguez@example.org,2025-12-09,Germany
532,Bruce Palmer,nancy94@example.net,2024-07-23,UK
533,John Sanchez,susan77@example.net,2024-05-18,Japan
534,Mr. James Kramer,ericahall@example.com,2025-08-20,Brazil
535,Joseph Haynes,john16@example.net,2024-04-15,USA
536,Justin White,michael94@example.org,2025-04-18,Japan
537,Susan Porter,jimmyallen@example.com,2025-11-22,Germany
538,David Montgomery,kimberlywilson@example.org,2023-09-03,Canada
539,Lisa Duran,charlesnathan@example.com,2025-01-29,Brazil
540,Dr. Sheila Henry,raymond92@example.org,2024-07-12,UK
541,Todd Johnson,phillip27@example.org,2024-08-17,Brazil
542,Michael Smith,nicolasgarcia@example.com,2025-02-22,Japan
543,Joshua Young,vmullen@example.com,2024-11-20,Japan
544,Jason Goodwin,melissa47@example.org,2023-08-09,China
545,Melissa Olsen,linda86@example.com,2024-10-06,Australia
546,Nancy Kennedy,thompsonvictor@example.net,2023-08-22,Brazil
547,Rachel Evans,rosshannah@example.org,2024-08-08,China
548,Ryan Davis,jordan58@example.net,2023-09-12,Japan
549,Alejandro Martinez,barbarasantos@example.net,2025-11-05,India
550,Heather Nunez,champton@example.org,2023-07-30,Japan
551,Mark Thomas,daniellemcfarland@example.com,2024-03-12,Brazil
552,Sarah Jones,matthewedwards@example.net,2024-12-11,UK
553,Matthew Nelson,xnorman@example.net,2023-12-05,Brazil
554,Jennifer White,martinezjimmy@example.com,2024-10-23,Brazil
555,Angela Jackson,davissharon@example.com,2025-11-14,France
556,James Hubbard,garciachristine@example.org,2024-09-11,Germany
557,Ellen Wright,scott22@example.net,2025-01-06,France
558,Matthew Dalton,michelle78@example.com,2025-07-26,Japan
559,Travis Ryan,owelch@example.net,2024-09-11,Brazil
560,Kimberly Stout,zfernandez@example.org,2024-05-10,Germany
561,David Torres,millskatherine@example.org,2024-05-17,France
562,Adam Weeks,xevans@example.com,2024-01-31,Brazil
563,Rebecca Kelley,robertcastro@example.com,2025-06-11,Canada
564,Maria Clayton,josehenderson@example.org,2023-10-20,France
565,Lisa Benson,justin84@example.com,2024-08-07,Germany
566,Chad Rodriguez,rwilliamson@example.net,2023-08-13,France
567,Alec Williams,lopezcurtis@example.com,2024-12-01,Australia
568,Adam Davis,snydermatthew@example.com,2023-06-05,Australia
569,Mr. Michael Johnson Jr.,brianrowe@example.org,2025-05-29,Japan
570,Steven Wright,hclayton@example.net,2024-09-05,Canada
571,Jessica Rojas,gonzalezjill@example.org,2023-10-19,UK
572,Mrs. Melanie Collins,eric08@example.net,2024-08-12,UK
573,Mr. Isaac Williams,teresayoung@example.com,2023-06-02,Germany
574,Donald Wilson,albertwilliams@example.net,2024-01-10,India
575,Jacqueline Davis,vincentparks@example.com,2024-06-23,UK
576,Lori Brown DDS,martinezjesse@example.net,2025-11-04,Germany
577,Renee Gonzales,andrewgray@example.net,2025-06-01,Canada
578,Karina Kim,amy73@example.net,2023-06-16,India
579,Nicholas Hill,caseymoore@example.com,2023-08-12,India
580,Jordan Parsons,bgross@example.net,2025-07-05,Australia
581,Cynthia Le,rlee@example.com,2025-08-15,Japan
582,Douglas Ortiz,daniel81@example.org,2025-05-07,Brazil
583,Shane Harris,clee@example.net,2025-07-22,India
584,John Hanson,brandon39@example.net,2024-12-22,USA
585,Christine Henry,mcdonalddanielle@example.com,2023-04-07,Germany
586,Jennifer Wood,colonjoseph@example.org,2024-09-22,India
587,Angela Lewis,garciajerry@example.com,2025-04-03,India
588,Danielle Garrett,angelagrant@example.net,2023-08-15,China
589,Heather Ellis,kandrade@example.org,2023-05-15,USA
590,Mary Ferguson,umahoney@example.net,2024-09-13,China
591,Jacob Duran,umckenzie@example.net,2026-01-09,India
592,Jaime Pierce,michael77@example.com,2023-10-10,Brazil
593,Duane Smith,victoriaturner@example.com,2023-01-20,USA
594,Ethan Ingram,samantha88@example.net,2026-01-01,Australia
595,Andrew Kelly,josephpreston@example.org,2025-10-29,France
596,Anna Ross,jessicacummings@example.com,2023-10-02,India
597,Melissa Johnston,larsonkevin@example.net,2023-07-28,India
598,Richard Weeks,michael66@example.org,2025-06-23,Japan
599,Matthew Guzman,walterscrystal@example.org,2025-08-29,Japan
600,Joshua Hernandez,ericnunez@example.com,2023-12-19,China
601,Laura Davis,zroberts@example.org,2025-12-18,Germany
602,Kenneth Williams,zbaker@example.net,2023-06-13,Brazil
603,Pamela Castillo,tonypearson@example.org,2024-05-09,Germany
604,Kelly Allen MD,kmorris@example.org,2024-09-25,France
605,Jacob Lee,brittney04@example.org,2023-05-23,India
606,Wanda Ramos,scottglass@example.org,2026-01-05,Brazil
607,Peter Farrell,singhjohn@example.net,2023-08-26,USA
608,Samantha Smith,torresthomas@example.com,2025-10-30,India
609,Christina Mills,ana92@example.net,2023-09-05,Australia
610,Kevin Alvarado,scottbrian@example.org,2025-02-23,India
611,Amy Pena,jonesdonna@example.net,2025-06-02,UK
612,Sharon Smith,yhall@example.net,2025-08-10,Brazil
613,Ethan Delacruz,lopezvincent@example.com,2025-12-24,UK
614,Amanda Nielsen,matthew62@example.org,2024-09-24,China
615,Mario Young,lisa46@example.org,2024-02-03,Japan
616,Courtney Peterson,fsandoval@example.net,2025-11-18,USA
617,Lisa Garrett,robertberry@example.com,2024-03-13,India
618,Erin Daniels,denisecarpenter@example.net,2025-12-17,China
619,Ellen Thornton,russellstout@example.org,2025-06-14,China
620,Brooke Jones,whitemary@example.org,2025-01-07,USA
621,Sheryl Gutierrez,vturner@example.net,2025-03-26,Canada
622,Richard Rodriguez,anthonyodom@example.net,2025-11-06,India
623,Crystal Hall,howardhailey@example.com,2023-11-08,UK
624,Julie Banks,melissahenry@example.org,2023-06-15,Brazil
625,Jason Novak,stephanie33@example.org,2023-07-18,UK
626,Victoria Camacho,dwatts@example.org,2023-04-02,USA
627,Lisa Holloway,phillip99@example.net,2024-05-02,France
628,Rachel Meyer,cbryant@example.org,2024-08-17,India
629,Nicholas Grant,leescott@example.com,2024-08-09,Australia
630,Christopher Phillips,vaughnrebecca@example.com,2025-05-16,Germany
631,Nathan Wilson,phillipmorris@example.org,2025-07-16,Brazil
632,Michelle Harris,udavis@example.net,2023-08-03,Australia
633,Carly Quinn,wilsonshannon@example.com,2024-12-30,Australia
634,Monica Hester,nicholasjames@example.org,2023-04-23,India
635,Mary Hernandez,haroldjoseph@example.com,2025-10-14,France
636,Tonya Roberts,davidanderson@example.org,2023-12-23,India
637,Alexandria Jimenez,astephens@example.net,2023-01-23,France
638,Kevin Alvarez,mramos@example.net,2025-09-12,Canada
639,Diana Fuller,brandonhernandez@example.net,2023-01-27,Brazil
640,Andrew Lane,mark10@example.org,2024-02-06,USA
641,Michael Carr,tammycurry@example.com,2024-04-20,Japan
642,Edwin Richardson,wwilkins@example.com,2025-11-04,USA
643,John Martinez,mark68@example.org,2025-07-31,Australia
644,Ashley Blair,webbhaley@example.net,2025-02-19,Germany
645,Emily Fox,sara99@example.com,2023-11-30,Canada
646,Katherine White,jeanettekrause@example.org,2024-08-11,USA
647,Robert Mclaughlin,laurenduarte@example.com,2023-05-29,USA
648,Robert Lewis,hannahking@example.org,2023-03-10,Germany
649,Erica Smith,matthew99@example.org,2023-12-23,Germany
650,Roy Nielsen,zhendricks@example.org,2025-07-19,USA
651,Mr. Steven Herrera,steven60@example.net,2024-12-26,China
652,Emily Herrera,barbararivera@example.com,2023-12-13,UK
653,Ryan Morgan,ksims@example.net,2023-04-02,Germany
654,Bruce Patton,janet50@example.com,2024-11-13,UK
655,David Hayes DVM,aliciathompson@example.com,2024-04-17,Brazil
656,Susan Wallace,lloydrebecca@example.org,2025-05-28,Canada
657,Morgan Mills,douglas18@example.net,2023-08-16,China
658,Andrew Hughes,smithsarah@example.net,2026-01-11,Germany
659,Felicia Small,meyerdonna@example.com,2025-08-05,Brazil
660,Margaret Clark,jameshill@example.com,2023-02-13,France
661,Denise Moore,smithcindy@example.net,2025-05-15,Australia
662,Kirsten Nelson,audrey21@example.com,2023-05-12,UK
663,Jeremy Anderson,dberger@example.org,2024-11-21,China
664,James Bush,tjensen@example.com,2024-03-15,China
665,Megan Ferguson,fbradley@example.net,2025-07-03,Canada
666,Michael Mckinney,oruiz@example.org,2024-06-15,UK
667,Susan Myers,kristina57@example.com,2025-08-19,France
668,Gregory Murray,justinbailey@example.net,2023-02-22,Canada
669,Robert Robles,angela14@example.net,2023-06-08,China
670,Cynthia Sanchez,terrireyes@example.com,2024-06-07,USA
671,Jessica Baird,amy32@example.net,2023-09-05,France
672,Michelle Copeland,vargassteven@example.net,2025-01-22,China
673,Eric Sullivan,jenningscandace@example.com,2023-05-06,India
674,Amy Robinson,paigeberger@example.net,2024-01-13,India
675,Mary Chavez,peter97@example.org,2025-06-24,Germany
676,Elizabeth Bauer,samantha65@example.org,2023-09-02,Canada
677,Kayla Abbott,bryan80@example.org,2024-10-19,China
678,Heather Callahan,youngjacqueline@example.com,2025-02-28,Germany
679,Jennifer Graham,elainewells@example.org,2024-12-04,Canada
680,Heather Butler,whitney22@example.org,2024-09-19,France
681,Nathan Tucker,iproctor@example.org,2023-04-08,China
682,Shannon English,dhanson@example.net,2023-06-19,Canada
683,Janice Perez,kjacobs@example.com,2024-04-28,China
684,Jonathan Jenkins,arthur09@example.com,2025-08-04,USA
685,John Vaughn,jessicafox@example.com,2025-03-01,Australia
686,Steve Davis,qmccoy@example.net,2024-06-12,Japan
687,Rebecca Edwards,bergeramanda@example.org,2023-04-15,India
688,Julie Gross,zgomez@example.com,2024-06-16,Australia
689,Thomas Curry,bryan79@example.org,2023-12-02,Canada
690,Dorothy Mclaughlin,mitchellchristopher@example.net,2024-10-08,Japan
691,Darlene Gilbert,michaela01@example.net,2023-04-14,Australia
692,Brittany Griffin,josehaynes@example.com,2023-07-30,USA
693,Amanda Riggs,caitlinunderwood@example.com,2023-08-05,India
694,James Guerrero,jasonnavarro@example.com,2025-04-23,Brazil
695,Robert Williams,tross@example.com,2023-03-20,Canada
696,Kim James,jwells@example.net,2025-04-16,India
697,Timothy Cole,suzanne01@example.net,2025-08-29,Australia
698,Jessica Hull,matthew41@example.com,2024-12-17,Brazil
699,Raymond Curry,aprilbyrd@example.org,2025-01-05,UK
700,Adam Jones,gdavis@example.net,2023-12-29,India
701,Douglas Lee,harveybrian@example.net,2024-05-22,UK
702,Tiffany Little,millercassandra@example.com,2025-01-07,Japan
703,Kylie Coffey,dominguezjon@example.com,2025-01-07,France
704,Jesse Carney,qschwartz@example.com,2025-01-12,China
705,Destiny Brown,dcook@example.com,2023-10-28,Japan
706,Jeremiah Vasquez,chelseywhite@example.com,2025-12-01,Brazil
707,Jessica Mendez,gainesjennifer@example.org,2023-05-18,Brazil
708,Nicholas Waters,mosleyeduardo@example.net,2023-02-27,India
709,James Hernandez,rebecca90@example.net,2023-01-20,China
710,Karen Powell,fernandezaaron@example.net,2025-03-04,France
711,Mr. Timothy Howard,richard15@example.net,2025-07-03,Australia
712,Ryan Hodges,deborah28@example.org,2025-08-11,Germany
713,Elizabeth Price,mccoymichael@example.org,2025-12-14,Canada
714,Collin Johnson,cortezbrittany@example.com,2025-09-15,France
715,Maria Porter,blevy@example.org,2024-03-20,Brazil
716,Nathan Sullivan,lindsaycontreras@example.com,2024-01-26,Germany
717,Kimberly Figueroa,sandyjohnson@example.org,2025-11-14,Brazil
718,Terry Montgomery,jacquelineanderson@example.org,2024-07-08,China
719,Samantha Davis,marybrown@example.org,2024-12-12,China
720,Lisa Brown,ronaldcain@example.net,2023-05-25,India
721,William Johnston,marcoconnell@example.org,2025-01-31,Australia
722,Gabriela Martinez,katherinejackson@example.com,2025-05-05,USA
723,Timothy Williams,moodycrystal@example.com,2024-09-16,Brazil
724,John Smith,saramann@example.net,2025-05-20,Australia
725,Robert Barton,jamiebowman@example.net,2025-09-17,UK
726,Christopher Holt,jennifersalazar@example.org,2024-05-27,Brazil
727,Hannah Smith,jamesdowns@example.org,2024-12-06,Germany
728,Victoria Romero,qtownsend@example.org,2024-11-27,Australia
729,Robert Jennings,kjimenez@example.net,2023-11-18,France
730,Jackson Clark,matthew70@example.org,2025-10-26,Australia
731,Casey Floyd,erobertson@example.org,2025-04-09,France
732,Erika Gonzalez,jerry15@example.org,2025-03-19,China
733,Sheila Bennett,charlesrichards@example.org,2023-05-07,France
734,Timothy Gibson,dbrooks@example.net,2025-09-21,Japan
735,Derrick Rogers,schwartzbrian@example.org,2023-08-20,USA
736,Jason Wolf,oliviamunoz@example.net,2023-05-21,Japan
737,Laura Tran,christophervincent@example.com,2025-11-28,Germany
738,John Ford,blairjill@example.org,2025-08-21,Canada
739,Daniel Pennington,robinvillanueva@example.com,2023-10-18,Germany
740,John Mack,simmonsphillip@example.net,2025-12-28,India
741,David Hansen,steelerichard@example.org,2025-07-07,Brazil
742,Matthew Davis,kcaldwell@example.net,2023-06-14,Japan
743,Lauren Bray,tingram@example.com,2024-06-05,Germany
744,Lori Padilla,daltonchad@example.net,2023-08-10,Brazil
745,Jeffery Nelson,kristinmiller@example.com,2024-01-19,Brazil
746,Tony Leonard,rodriguezmichael@example.net,2025-04-04,Brazil
747,Matthew Bush,devonrogers@example.net,2023-03-05,USA
748,Todd Carpenter,karenhodges@example.com,2023-05-24,Canada
749,Michael Ramirez,watsonshaun@example.net,2024-02-10,France
750,Michael Gregory,shannon51@example.org,2024-08-18,Germany
751,Bobby Hurst,susan11@example.org,2025-09-22,India
752,Kathleen Golden,cartertara@example.net,2023-11-18,Germany
753,Jason Rojas,carterbryan@example.org,2025-11-05,France
754,Gabriella Lane,todd88@example.com,2025-07-22,China
755,Stephanie Parker,jeremy54@example.org,2024-06-04,Australia
756,Tyler Montgomery,jennifermitchell@example.org,2023-07-01,Brazil
757,Mary Hernandez,darylchaney@example.net,2025-07-27,Japan
758,Cody Hart,wadetiffany@example.org,2023-06-07,Japan
759,Carla Turner,sullivanvictor@example.org,2024-03-03,Australia
760,Brittney Cordova,deborah47@example.com,2025-11-22,India
761,Wendy Estrada,hmorgan@example.net,2025-12-16,Japan
762,Michael Wilson,moralesmary@example.com,2024-06-27,Australia
763,Lee Lee,kimberlywang@example.org,2024-02-15,Australia
764,Jill Powers,daughertypreston@example.com,2023-02-13,Brazil
765,Terri Kerr,raymond65@example.com,2024-01-02,France
766,Gregory Madden,lewispamela@example.net,2024-03-03,France
767,Donna Shaffer,achandler@example.org,2026-01-10,France
768,Briana Turner,carl96@example.org,2025-07-22,Germany
769,Denise Thompson,wpage@example.org,2023-01-27,Canada
770,Donna Henry,mary47@example.net,2023-08-26,Germany
771,Rick Moore,stephanie71@example.net,2025-04-09,Australia
772,Christopher Knox,anthonyhubbard@example.com,2025-01-18,Canada
773,Patrick Perkins,ooneill@example.net,2026-01-12,Japan
774,Barbara Hunt,brucefrancisco@example.org,2024-06-24,UK
775,Michael Howard,nelsonrobert@example.com,2023-06-29,Germany
776,Mark Jones,katiewhite@example.org,2023-03-14,Germany
777,Frank Stewart,joseph51@example.net,2024-11-05,Brazil
778,Alexandria Holmes,kimberly65@example.org,2024-10-16,France
779,Daniel Lopez,butlersabrina@example.org,2023-05-12,China
780,Karen Collins,don79@example.net,2025-07-04,Japan
781,Michael Johnson,walkermelissa@example.org,2025-05-05,China
782,Daniel Zavala,yvazquez@example.org,2025-02-11,France
783,Nicole Williams,johnsondonna@example.net,2023-04-15,Canada
784,David Jones,websterkimberly@example.net,2023-03-25,Germany
785,Cathy Bell,thomasjulie@example.com,2023-09-01,France
786,Christopher Mason,williamjones@example.net,2025-11-23,Germany
787,Michelle Brandt,rachelmedina@example.net,2025-05-04,Australia
788,Jonathan Zimmerman,helen27@example.net,2023-05-08,UK
789,Henry Gray,willierussell@example.com,2025-12-03,France
790,Chad Farmer,angela01@example.com,2023-06-04,USA
791,Jesus Fitzgerald,aperez@example.com,2024-07-13,Japan
792,Scott Jacobson,xcrosby@example.org,2026-01-02,UK
793,Megan Sanders,wilsonralph@example.net,2023-02-03,France
794,Timothy Levine,coxjames@example.org,2024-10-27,USA
795,Barbara Massey DDS,kathy99@example.com,2024-11-01,USA
796,Terri Kelly,garcher@example.com,2025-04-27,Japan
797,Bryan Burns,courtneytaylor@example.org,2023-06-30,France
798,Kathleen Johnson,patrickshelton@example.org,2025-04-06,UK
799,Paige Guerrero,msparks@example.com,2023-12-17,Brazil
800,Dennis Cooper PhD,cisnerosanthony@example.com,2025-01-13,Canada
801,Jerry Farrell,cstevens@example.org,2025-09-09,USA
802,Elizabeth Mccarthy,tjordan@example.net,2024-09-20,China
803,Laura Henry,kalvarez@example.net,2024-03-21,France
804,Kevin Gray,katie45@example.org,2023-03-22,Brazil
805,Russell Bailey,hubbardcolleen@example.com,2023-02-19,Brazil
806,Hunter Bell,johnwong@example.net,2023-05-06,Brazil
807,Sheila Wilson,andrewnguyen@example.com,2023-04-23,Australia
808,Jose Fisher,dominguezbrianna@example.com,2025-01-09,UK
809,Kenneth Stokes,vazquezjamie@example.com,2024-03-08,USA
810,Gina Mendez,tara37@example.net,2024-07-23,France
811,Sara Herrera,joseph49@example.com,2025-08-04,Brazil
812,Tina Robbins,vargasjoshua@example.net,2025-06-19,Canada
813,Daniel Flynn,william46@example.net,2025-06-15,Canada
814,James Weber,jpowers@example.org,2024-09-02,India
815,Kelli Lopez,vlewis@example.com,2025-09-10,Brazil
816,Rhonda Farrell,umichael@example.net,2023-11-09,Canada
817,Joel Allen,megan65@example.org,2023-03-26,China
818,Debra Mitchell,jonathanburke@example.com,2024-12-14,USA
819,Alexis Robles,steven86@example.com,2023-10-08,UK
820,Christopher Taylor,kristine48@example.org,2024-12-28,UK
821,Nathan Casey,heathchristopher@example.net,2024-12-25,China
822,Troy Mosley,sandersmary@example.org,2023-12-12,France
823,Kathryn Martinez,tyler13@example.net,2023-10-05,Canada
824,Erin Silva,vshaffer@example.org,2023-06-02,Germany
825,Brian Lewis,scott49@example.org,2025-11-09,Canada
826,Travis Stewart,pwells@example.com,2024-07-09,Japan
827,Heidi Baldwin,andrew90@example.net,2025-09-08,India
828,Melissa Mccormick,johnnycruz@example.net,2025-01-14,China
829,Robert Martinez,miaprice@example.com,2025-12-04,China
830,Elizabeth Mayer,kennethvillarreal@example.org,2025-10-31,China
831,Sherry Wang,rmccormick@example.org,2025-10-18,Germany
832,Kaitlin Gutierrez,jennifer12@example.net,2025-07-09,Japan
833,Jason Daniel,shawn00@example.net,2023-11-01,India
834,Rachel Taylor,tgonzalez@example.com,2024-12-22,Brazil
835,David Reeves,melaniejennings@example.com,2024-10-11,Brazil
836,Brandi Thompson,lauren31@example.com,2024-05-28,France
837,James Davenport,andrewjohnson@example.net,2024-02-26,China
838,Susan Mccann,josechristian@example.org,2024-12-28,India
839,David Davis,george91@example.org,2024-04-03,France
840,Thomas Chavez,twilson@example.org,2025-03-16,China
841,Rachael Roberts,breyes@example.org,2023-08-16,China
842,Diane Byrd MD,bsparks@example.com,2024-11-07,USA
843,Jerry Wright,emiller@example.org,2025-12-23,China
844,Jennifer Lewis,verickson@example.net,2025-08-31,Canada
845,Anthony Cook,thomasgomez@example.net,2023-10-27,Germany
846,Linda Goodman,smithwilliam@example.com,2025-11-13,Germany
847,Jacob Donaldson,carpenterjorge@example.net,2023-12-17,France
848,John Davis,hthomas@example.com,2024-07-12,Canada
849,Seth Davenport,sara44@example.net,2023-03-09,UK
850,Kelly Graham,leslievang@example.org,2025-07-16,Germany
851,Mallory Gonzales,edgarhall@example.org,2024-09-19,UK
852,John Wilson,wwilliams@example.net,2024-06-17,Japan
853,Brian Cortez,daviddavis@example.com,2024-09-25,Canada
854,Jordan Nelson,brandybonilla@example.net,2023-08-05,UK
855,Thomas Sanchez,vrhodes@example.org,2025-05-08,USA
856,Mrs. Jacqueline Hickman,hooderic@example.org,2023-11-27,India
857,Karen Fuller,brooke05@example.org,2024-06-06,Brazil
858,Erika Dennis,jasonwilliams@example.net,2025-01-07,China
859,Natasha Payne,qdavis@example.org,2023-11-25,Brazil
860,Jennifer Smith,frankchan@example.com,2023-10-09,France
861,Brittany Evans,tfitzgerald@example.net,2024-12-28,USA
862,Brendan Richardson,tracymcclure@example.com,2024-11-10,Germany
863,Ann Henderson,christina66@example.org,2023-11-09,France
864,John Walker,sarahrose@example.net,2023-03-05,France
865,Jeffrey Solomon,ievans@example.net,2024-08-16,Brazil
866,Kelly Phillips,arnoldsamantha@example.net,2025-10-04,Canada
867,Brandon Guerrero,michael91@example.net,2023-05-17,Germany
868,Julie Hartman,awilliams@example.net,2023-02-06,France
869,Jordan Santiago,matthew23@example.org,2023-12-11,China
870,Mrs. Megan Hamilton,smithdarryl@example.org,2023-04-15,Germany
871,Jared Sandoval,nturner@example.com,2025-01-07,India
872,Megan Ballard,martinezalexander@example.org,2025-02-14,Canada
873,Chelsea Johnson,pwong@example.org,2025-07-01,Japan
874,Rachel Lee,kayla27@example.com,2024-05-11,Germany
875,Christian Park,cruiz@example.net,2023-02-12,UK
876,Ronald Myers,alan66@example.com,2023-10-12,France
877,Kristen Roberts,gross@example.net,2025-04-06,UK
878,Susan Dillon,jenniferrice@example.com,2025-03-23,Canada
879,Debra Wong,nwilson@example.net,2024-10-12,USA
880,Alisha Roberts,taylorkim@example.net,2024-02-03,UK
881,Gina Guzman,sanderson@example.net,2023-09-17,France
882,Sandra Nunez,laura29@example.org,2025-03-08,China
883,Mary Anderson,ericvasquez@example.com,2023-11-25,China
884,David Hawkins DVM,nicole52@example.org,2025-11-17,France
885,Amanda Brown,owilson@example.org,2025-07-14,Brazil
886,Dr. Richard Hammond,paula89@example.net,2024-09-26,Canada
887,Tracy Lloyd,villegaskimberly@example.net,2023-05-14,Brazil
888,Samantha Williams,jacksondavid@example.org,2025-05-25,France
889,Edgar Alexander,goconnor@example.org,2025-10-13,India
890,Chad Allison,xmontes@example.org,2024-12-28,France
891,Gloria Wagner,adamsjennifer@example.com,2023-10-15,Japan
892,Brittany Molina,icobb@example.com,2024-02-18,Japan
893,Jimmy Phelps,sherry72@example.org,2024-04-16,Brazil
894,Andrea Morgan,kholden@example.com,2025-03-15,Brazil
895,Mary May,levinetina@example.net,2023-03-28,Canada
896,Jennifer Blackwell,jennifer55@example.org,2025-09-05,China
897,Lisa Thomas,ngriffin@example.net,2025-07-13,USA
898,Jessica Reed,trowe@example.org,2024-12-03,India
899,Neil Singh,abigailfernandez@example.org,2023-03-01,Australia
900,Kelly Sherman,andrewzamora@example.net,2023-05-01,China
901,Raymond Barber,dennismckenzie@example.com,2024-10-29,France
902,Anthony Curtis,westashley@example.org,2024-12-06,USA
903,Dr. Virginia Cunningham,michaelmitchell@example.net,2024-05-30,Canada
904,James Mclaughlin,murphybrandi@example.com,2024-10-08,Germany
905,Jeffery Jenkins,brownpamela@example.com,2024-05-31,China
906,Michael Powell,lwiggins@example.com,2023-09-12,China
907,Melissa Gould PhD,jcolon@example.net,2024-12-16,USA
908,Beverly Bush,bensonstanley@example.org,2023-06-08,France
909,Jaclyn Crane,xrodriguez@example.net,2025-04-16,China
910,Autumn Torres,kevin70@example.org,2023-12-03,USA
911,Amber Shannon,jason70@example.org,2023-06-24,UK
912,Andrew Olson,ariel56@example.com,2024-09-10,Brazil
913,Brandi Taylor,qgill@example.com,2025-07-21,Japan
914,Ann Weber,zhughes@example.com,2023-07-02,Brazil
915,Stacy Fitzgerald,clinejasmine@example.net,2024-09-03,France
916,Ellen Brewer,leechristine@example.net,2024-12-09,UK
917,Kelly Christensen,martinezsharon@example.org,2025-04-28,China
918,Daniel Gallegos,imiller@example.net,2025-12-08,India
919,Katherine Peck,samuel60@example.net,2024-01-05,Brazil
920,Brian Garcia,justinwhite@example.org,2024-01-02,Canada
921,Meghan Brown,howard04@example.com,2023-07-07,Brazil
922,Steven Scott,williamsjohn@example.net,2023-05-08,Australia
923,Paul Cruz Jr.,floresangela@example.org,2024-10-22,India
924,David Mercado,angela91@example.org,2024-07-03,Australia
925,Beth Carroll,omiller@example.net,2025-05-04,Australia
926,Jacqueline Galloway,amandahenderson@example.net,2023-08-30,Canada
927,John Calderon,denise20@example.org,2024-05-28,UK
928,Mr. Ryan James,megan39@example.net,2025-11-07,Australia
929,Joseph Jones,fosterdavid@example.org,2023-11-24,India
930,Dr. Christine Wagner PhD,cynthia74@example.org,2025-03-23,Brazil
931,Daniel Haley,allen20@example.net,2025-01-14,France
932,Megan Gutierrez,ifarmer@example.org,2024-06-24,India
933,Angela Johnson,wchambers@example.com,2025-05-31,Japan
934,Christopher Tate,martinezmitchell@example.org,2025-07-14,USA
935,Alejandro Campbell,james94@example.net,2024-05-20,Brazil
936,Tracy Johnson,tconway@example.net,2023-09-19,Canada
937,Roberto Foster,ashley72@example.net,2023-09-05,Australia
938,Megan Morrison,cameronanderson@example.org,2023-08-20,France
939,Savannah Ibarra,james08@example.net,2023-06-08,Australia
940,Jordan Pace,nashmarcus@example.com,2023-10-23,Canada
941,Julie Ward,stephensonjeffrey@example.com,2023-11-16,India
942,Emily Myers,christopher90@example.net,2025-10-21,Japan
943,Tina Stark,frankcollins@example.net,2023-09-24,USA
944,Jeffrey Johnson,mary31@example.com,2024-12-04,Japan
945,Anthony Cook,sherryparsons@example.net,2023-10-08,Brazil
946,Jeremy Martinez,rangelnicholas@example.net,2024-05-14,India
947,Thomas Ramos,cheryl61@example.org,2023-04-01,USA
948,Elizabeth James,williamsonrobert@example.net,2025-01-30,Germany
949,Jody Marshall,nhobbs@example.org,2025-05-31,Japan
950,Rachel Gibson,briana11@example.org,2024-01-26,Australia
951,Richard Lee,danascott@example.com,2024-11-01,China
952,Charlene Taylor,brownlarry@example.com,2024-06-30,Brazil
953,Heather Silva,dylanparker@example.com,2024-08-03,Brazil
954,Kelly Sandoval,brianhunter@example.net,2023-12-04,USA
955,Craig Gonzalez,kristenpeterson@example.net,2025-08-17,Germany
956,Julie Schwartz,christina65@example.org,2024-06-23,France
957,Susan Crawford,fowlerheather@example.com,2023-05-14,Japan
958,Nicholas Cisneros,lindsay63@example.com,2024-12-03,UK
959,Heidi Jones MD,thomasscott@example.net,2023-08-09,France
960,Amanda Johnson,justinrobinson@example.com,2024-10-22,Brazil
961,Julian White,thompsonjose@example.org,2025-03-17,Brazil
962,Jamie Cobb,morganjason@example.com,2023-02-11,Canada
963,Mary Pugh,ejohns@example.org,2023-10-09,USA
964,Rebecca Lee,ubenson@example.net,2023-06-27,China
965,Tammy Hines,melissaphillips@example.org,2024-05-04,Germany
966,Robert Salas,fclark@example.com,2024-01-13,UK
967,Carol Hughes,victor72@example.com,2025-06-04,France
968,Karen Sosa,zadams@example.net,2025-03-10,Japan
969,Amanda Robinson,shannonyoung@example.org,2025-10-24,USA
970,Laura Walls,jonathan12@example.org,2023-12-21,Japan
971,Crystal Williams,ronald76@example.com,2023-12-09,India
972,Mr. Alexander Alexander III,howardchristopher@example.net,2024-02-26,Canada
973,Rachel House,wilsonmichael@example.net,2024-08-03,Germany
974,Gary Turner,james92@example.net,2023-08-27,Canada
975,Alexa Evans,krista66@example.net,2025-04-09,Brazil
976,Matthew Hays,michelleperez@example.net,2025-04-28,Canada
977,Jose Hartman,dsharp@example.com,2025-04-19,UK
978,Cole Carrillo,cclark@example.net,2025-06-05,Brazil
979,Shane Torres,porterdonna@example.com,2023-02-21,France
980,Michael Powell,mark09@example.org,2024-01-27,Japan
981,Troy Rivera,nbaird@example.com,2025-10-25,France
982,John Murphy,tfowler@example.org,2023-03-30,India
983,Cassandra Serrano,mjohnson@example.org,2023-07-26,Brazil
984,Daniel Carter,gibsonmiguel@example.org,2025-10-13,Brazil
985,Jennifer Moore,andersonrobert@example.net,2023-07-27,Germany
986,Sharon Anderson,kylemeyers@example.net,2023-04-05,Brazil
987,Teresa Matthews,ahill@example.org,2024-06-22,Japan
988,Lisa Wright,renee77@example.com,2024-05-22,UK
989,Donna Ibarra,treed@example.com,2024-10-11,India
990,Sarah Perry,rachelquinn@example.com,2024-03-23,Germany
991,Melissa Davis,allenmonica@example.com,2024-03-16,China
992,Mary Jones,reginajenkins@example.net,2025-09-12,Japan
993,Pedro Gordon,robert24@example.org,2023-06-01,UK
994,Benjamin Neal,vjames@example.com,2024-07-27,Canada
995,Adam Wilson,markgoodman@example.com,2025-08-14,France
996,Matthew Reeves,rtaylor@example.org,2024-06-08,India
997,Brian Phillips,qjackson@example.org,2023-07-25,Australia
998,Hunter Robinson,staffordamanda@example.com,2025-01-30,Japan
999,Robin Davidson,myerskyle@example.org,2025-02-20,France
1000,James Harris,nicholasallen@example.org,2024-11-05,USA
1001,Adrian Hoover,walkernicole@example.net,2023-02-06,France
1002,Jason Rodriguez,marcus39@example.org,2023-07-22,France
1003,Jeffrey Hall,kellyglenn@example.com,2025-11-08,China
1004,Daniel Robinson,debra50@example.org,2025-01-05,China
1005,Randall Porter,marquezkylie@example.net,2025-09-15,Brazil
1006,Lindsay Jarvis,xgregory@example.net,2023-07-26,UK
1007,Philip Watts,bjones@example.net,2023-06-14,Brazil
1008,Jorge Harmon,hallchristina@example.org,2025-10-14,Japan
1009,Nicole Harvey,taylorvictor@example.org,2023-12-24,Brazil
1010,Andrew Mclean,vstevenson@example.org,2023-07-05,Australia
1011,Paige Meyer,swong@example.org,2023-11-20,Australia
1012,Grace Harris,knoxelizabeth@example.org,2023-09-27,Japan
1013,Courtney Salas,isaiah01@example.com,2025-06-15,Japan
1014,Mark Thomas,davidthompson@example.net,2023-04-06,India
1015,Cynthia Miller,ucollins@example.org,2025-07-18,Brazil
1016,David Mitchell,mfaulkner@example.com,2023-10-15,Australia
1017,Dr. Ian Gray,galexander@example.net,2025-08-21,Germany
1018,Sally Leon,gillronald@example.org,2025-04-03,Germany
1019,Linda Hernandez,jonathanford@example.com,2025-04-29,China
1020,Karen Cook,mgonzalez@example.org,2023-11-26,India
1021,Molly Henry,vbentley@example.com,2023-02-03,Germany
1022,William Jones,riddledavid@example.net,2024-03-15,India
1023,Tina Wise,william75@example.net,2023-07-16,USA
1024,Jeff Wright,xjohnson@example.net,2023-03-24,Australia
1025,Max Hernandez,jblackburn@example.com,2025-03-03,Brazil
1026,Mary Martin,wisedawn@example.com,2023-10-17,India
1027,Stephanie Stone,nancymartin@example.com,2024-03-30,India
1028,Walter Barrett,uwillis@example.com,2023-10-23,UK
1029,Sheila Rodriguez,lisa43@example.net,2025-04-22,Brazil
1030,William Velasquez,daviskim@example.com,2024-03-30,USA
1031,Morgan Jackson,jacob23@example.com,2024-08-16,UK
1032,Joanne Olsen,jamesbrady@example.org,2023-08-07,Japan
1033,Jennifer Sims,oneillgabriel@example.com,2023-10-30,China
1034,Austin Johnson,timothychambers@example.org,2023-04-23,Australia
1035,Tyler Ortega,davisalexa@example.org,2023-01-30,Canada
1036,Tonya Adams,vkennedy@example.net,2024-03-06,Brazil
1037,Steve Key,shelleyortega@example.com,2024-05-04,Canada
1038,Shelley Drake,bryantholly@example.net,2024-11-18,Japan
1039,Allison Martinez,stephanie35@example.com,2025-07-22,Brazil
1040,Karen Gutierrez,aaronlittle@example.com,2024-11-27,USA
1041,Angel Aguirre,erica39@example.com,2023-02-07,UK
1042,Angela Patterson,shatfield@example.org,2024-04-02,India
1043,Cory Thomas,andersonlaura@example.com,2025-04-03,UK
1044,Victoria Owens DVM,olsonamber@example.org,2025-07-19,Canada
1045,Mary Davis,bholder@example.org,2023-09-08,Brazil
1046,James Ramirez,elizabeth12@example.net,2025-11-02,France
1047,Robert Cook II,schneidernicholas@example.net,2024-12-13,Australia
1048,Martha Glover,ostokes@example.com,2025-04-12,China
1049,Brandon Yang,juliewilson@example.com,2023-05-26,India
1050,James Mclaughlin,bryan83@example.com,2023-06-08,Canada
1051,Jacob Shelton,aprilguzman@example.org,2025-12-27,Australia
1052,Samuel Stewart,mary77@example.org,2023-05-16,Japan
1053,Maurice Solis,georgekyle@example.net,2024-11-08,India
1054,Michelle Mendoza DVM,ycarter@example.org,2023-06-04,Australia
1055,Ronald Clark,isabellawilliams@example.org,2025-12-29,Brazil
1056,Elizabeth Briggs,vickiekelley@example.com,2025-08-15,Japan
1057,Gregory Myers,rosejustin@example.net,2024-04-26,USA
1058,Kimberly Davis,karen90@example.net,2025-10-26,China
1059,Laura Ramos,jcarter@example.org,2023-12-18,Canada
1060,Nancy Smith,gregoryvanessa@example.org,2023-09-15,Germany
1061,Miss Carol Brown,terri20@example.org,2024-03-07,France
1062,Leslie Booker,hsanchez@example.org,2025-12-28,Germany
1063,Kyle Thompson,yparsons@example.net,2024-03-29,Canada
1064,Sharon Santos,cynthia75@example.org,2025-01-10,India
1065,John Barnett,andrewberry@example.net,2023-05-31,Canada
1066,Anna Watkins,pwashington@example.net,2024-06-28,Canada
1067,Ariana Brown,richardhaynes@example.com,2024-05-08,Brazil
1068,Robin Freeman,molinajared@example.net,2024-09-19,UK
1069,Kyle White,hmcbride@example.org,2025-09-28,France
1070,Christopher Hart,millerdavid@example.com,2023-06-10,USA
1071,Jenny Landry,wrightbrandon@example.net,2024-02-22,USA
1072,Joseph Taylor,hneal@example.com,2025-10-06,Australia
1073,Melissa Bates,youngjacob@example.com,2024-11-13,USA
1074,Chad Arnold,joshua96@example.org,2025-08-14,France
1075,Matthew Martin,qmiller@example.net,2024-09-13,Australia
1076,Kimberly Jones,wanda35@example.net,2024-04-29,Australia
1077,Lisa Barnes,lesliefrench@example.com,2025-01-08,India
1078,Angela Martinez,suttonrichard@example.com,2023-02-17,UK
1079,Gavin Nelson,joshuagarcia@example.org,2024-12-20,Germany
1080,Timothy Thompson,brianna71@example.net,2024-03-09,Japan
1081,Diane Nelson,mosleygeorge@example.com,2024-02-06,India
1082,Megan Kramer,iwoods@example.com,2023-08-05,China
1083,Brittney Martinez,rbradley@example.org,2023-01-30,UK
1084,Jacqueline Waters,lmann@example.com,2025-10-21,UK
1085,Kathryn Hill,tmeyer@example.org,2026-01-03,UK
1086,Theresa Russell,megan11@example.net,2023-12-20,Canada
1087,Kenneth Miller,angela70@example.com,2023-10-09,China
1088,Breanna Jimenez,sullivanchristina@example.net,2025-01-30,India
1089,Joseph Reed,lawsontami@example.net,2023-01-27,China
1090,Stephanie Thompson,mary85@example.org,2025-11-03,Germany
1091,James Wilson,marierosales@example.org,2024-04-26,Brazil
1092,Mr. Aaron Welch,trobinson@example.net,2023-12-03,China
1093,Taylor Stafford,abrown@example.net,2024-08-06,UK
1094,Brian Bailey,richardsmith@example.com,2024-06-07,Germany
1095,Jose Hernandez,gentryadam@example.net,2024-07-11,Brazil
1096,James Diaz,amandaadams@example.com,2023-10-20,France
1097,Charles Burgess,howardmonica@example.org,2025-01-07,Brazil
1098,Casey Fisher,rachel23@example.com,2023-05-21,France
1099,Mrs. Katherine Simpson,markduran@example.com,2025-12-05,USA
1100,Sarah Price,rosariolaura@example.org,2024-07-22,Brazil
1101,Pamela Young,russell90@example.com,2023-07-09,France
1102,Bradley Patterson,jessicalopez@example.com,2024-06-28,Japan
1103,Wendy Wright,tgonzalez@example.org,2025-05-08,UK
1104,Catherine Riddle,jeromeanderson@example.org,2025-02-25,Canada
1105,Charles Smith,christopherwilliams@example.com,2023-11-15,Brazil
1106,Veronica Walker,gmendoza@example.com,2024-08-16,Australia
1107,Derrick Ramirez,jennifer35@example.org,2024-12-25,China
1108,Matthew Morris,thomas91@example.com,2023-08-07,France
1109,Heidi Torres,caldwellfelicia@example.org,2023-08-10,India
1110,Heather Maxwell,john43@example.net,2024-01-17,France
1111,Bianca Newton,williamstanya@example.net,2024-03-15,Brazil
1112,Jeremy Garcia,kevin73@example.net,2025-07-03,France
1113,Corey Pierce,patricia85@example.com,2025-03-19,Germany
1114,Susan Jones,gmills@example.org,2024-05-25,India
1115,Walter Roberts,bauerheather@example.net,2023-07-21,Brazil
1116,Joseph Palmer Jr.,ychristensen@example.net,2025-06-29,Canada
1117,Devon White,ashleyvargas@example.org,2025-05-22,Germany
1118,Joy Zimmerman,kevin34@example.net,2025-09-08,India
1119,Danny Ferguson,benjamin24@example.org,2023-11-10,China
1120,Maria Wright,amandasmith@example.com,2023-11-12,Australia
1121,Erika Potts,jennifer69@example.com,2024-12-12,China
1122,Robert Holloway,jessicaramirez@example.com,2024-01-10,France
1123,Veronica Osborne,sharphailey@example.net,2025-12-18,France
1124,Lindsey Harris,rwalker@example.org,2023-10-28,USA
1125,Nicole Moore,jessicahamilton@example.org,2024-10-17,India
1126,Christopher Lopez,jacobhenry@example.net,2025-10-03,France
1127,Eric Mcclure,mmcdaniel@example.org,2023-08-05,USA
1128,Jesse Brewer,hgarcia@example.org,2023-06-26,China
1129,Lindsey Gray,rodriguezalexander@example.net,2025-03-25,USA
1130,Randy Adams,sparksalbert@example.org,2025-11-08,China
1131,Sarah Miller,timothyhart@example.com,2024-09-04,Brazil
1132,John Sanchez,courtney10@example.org,2025-06-30,France
1133,Jorge Copeland,aaronwalker@example.org,2023-05-12,Germany
1134,Matthew Perez,tmcdaniel@example.org,2024-05-01,China
1135,Courtney Huber MD,gilbertdavid@example.org,2024-07-11,Australia
1136,Cassandra Moreno,erinhernandez@example.net,2025-09-26,Germany
1137,Donna Hutchinson,sabrina54@example.net,2025-02-10,Germany
1138,Shannon Spence,lukemyers@example.net,2025-06-12,China
1139,Robin Wilson,rmoyer@example.org,2025-06-10,France
1140,Catherine Cruz MD,aolson@example.net,2023-04-29,UK
1141,Robert Valdez,patrickdunn@example.net,2025-06-06,Canada
1142,Samantha Cruz,xrose@example.net,2024-08-26,USA
1143,Brandon Ward,victoriasmith@example.net,2025-06-26,France
1144,Brian Pruitt,melinda24@example.com,2024-06-21,Brazil
1145,Valerie Durham,jasonwalker@example.net,2023-06-26,USA
1146,Michele Bennett,hortonroger@example.org,2023-06-19,China
1147,Angela Monroe,anthonydiaz@example.org,2025-02-26,Australia
1148,Ronald Butler,terrytaylor@example.net,2023-10-15,UK
1149,Jason Rogers,mitchelleric@example.net,2025-02-22,Canada
1150,Kathy Smith,dfrazier@example.net,2023-02-24,France
1151,Kenneth Torres,rodneymoore@example.org,2025-03-08,Australia
1152,Beth Lewis,robinsonisaiah@example.net,2024-08-13,India
1153,Angela Schwartz,pedwards@example.com,2025-12-23,UK
1154,Robert Lucas,josephgarcia@example.com,2025-07-13,Germany
1155,Alyssa Campbell,jonescarla@example.com,2024-11-10,UK
1156,Timothy Allen,davilaannette@example.net,2023-08-13,Japan
1157,Mr. Brandon Parker,karen68@example.org,2026-01-04,Australia
1158,Henry Anderson,riverapeggy@example.net,2023-12-30,Japan
1159,Brittany Matthews,cwoods@example.com,2023-05-10,Japan
1160,Angela Garrett,nicoleaguirre@example.net,2023-07-15,France
1161,Wendy Mason,seth25@example.com,2023-06-23,UK
1162,Jessica Macdonald,nallen@example.net,2024-02-18,France
1163,Mark Jimenez,thomasmonica@example.net,2023-04-12,Brazil
1164,Stephanie Porter,sedwards@example.org,2025-08-26,France
1165,Heather Jones,escott@example.com,2023-04-04,Australia
1166,Thomas Case,swilliams@example.com,2025-05-04,Canada
1167,Melanie Alexander,nathaniel68@example.com,2024-04-11,Brazil
1168,Melanie Oliver,figueroajohn@example.net,2023-11-03,Canada
1169,Donna Moore,onash@example.com,2023-01-28,UK
1170,Hannah Mcdonald,lrodriguez@example.net,2025-09-03,Germany
1171,Jennifer Hamilton,umurphy@example.com,2023-05-18,India
1172,Dr. John Ramirez,gardnerstacy@example.org,2026-01-15,Japan
1173,Andre Burke,zbrown@example.com,2024-12-21,Australia
1174,Cindy Lewis,cisnerosgabriela@example.com,2025-06-02,Canada
1175,Charles Hill,evansjennifer@example.com,2023-10-23,India
1176,Debbie Rivas,jacobsonroy@example.com,2024-08-16,USA
1177,Jason Alvarez,tammykim@example.net,2023-07-19,France
1178,Kristina English,christiancontreras@example.net,2024-10-05,Japan
1179,Samantha Navarro,alexis72@example.com,2023-06-27,Canada
1180,Wayne Russell,mcneilsherry@example.org,2025-08-23,Brazil
1181,Laura Johnson,robertpayne@example.org,2024-12-14,Australia
1182,Daniel Lee,woodmichael@example.com,2024-11-08,France
1183,Sharon Lyons,wgutierrez@example.com,2025-09-27,China
1184,William Rogers,stephenbrooks@example.net,2025-07-14,India
1185,Jane Bruce,swalters@example.net,2024-11-01,Australia
1186,Annette Miller,davisallen@example.com,2025-11-12,Canada
1187,Loretta Gardner,zgordon@example.org,2023-05-13,Germany
1188,Christy Frank,ewilson@example.org,2025-01-20,Brazil
1189,Julie Odonnell,xsmith@example.org,2024-02-07,USA
1190,Matthew Parker,anunez@example.com,2024-07-28,China
1191,Richard Randall,matthew96@example.org,2023-02-24,Japan
1192,Luis Long,solisbecky@example.org,2024-09-19,Australia
1193,Nicholas Powell,zachary63@example.org,2025-11-13,China
1194,Bryan Ray,ocameron@example.com,2025-03-07,Germany
1195,Frank Davis,kimcristina@example.net,2025-07-24,Canada
1196,Kimberly Compton,ujohnson@example.org,2023-07-06,Brazil
1197,Paula Lopez,kennethnichols@example.org,2025-12-31,France
1198,Jamie Green,hillsavannah@example.net,2025-03-25,India
1199,Dr. Ashley Ho,rodriguezjustin@example.org,2023-02-14,Canada
1200,Isaiah Massey MD,apope@example.org,2023-05-01,UK
1201,Christine Barnes,cynthia72@example.org,2024-07-05,USA
1202,Mary Welch,wilsonmatthew@example.com,2023-12-13,USA
1203,Kimberly Moore,sara39@example.org,2024-07-02,France
1204,Paige Robinson,danny30@example.com,2024-08-28,Brazil
1205,Michael Martinez,timothy15@example.net,2023-06-20,Canada
1206,Patrick Simpson,qnielsen@example.org,2024-09-14,Canada
1207,Michelle Hayden,silvakatie@example.com,2023-08-24,Germany
1208,Nathan Hamilton,vhenderson@example.com,2023-07-20,Japan
1209,Lisa Patterson,nathaniel17@example.org,2025-07-01,UK
1210,Dawn Ortiz,raymond12@example.com,2025-09-19,India
1211,David Lewis,nathan51@example.org,2024-05-04,Brazil
1212,Gary Marshall,rachel81@example.com,2024-01-03,Australia
1213,Daniel Hoffman,berrydebbie@example.net,2023-11-26,Japan
1214,Francisco Gonzalez,rjimenez@example.com,2025-04-27,India
1215,Kyle Garza,barbaramitchell@example.net,2023-05-30,China
1216,Abigail Murray,meaganpowell@example.net,2025-05-26,UK
1217,Matthew Jones,gallegosrobert@example.com,2025-10-21,India
1218,Jennifer Hawkins,troy06@example.com,2023-11-16,Canada
1219,Samuel Coffey,cameronsharon@example.org,2025-02-20,Brazil
1220,Adam Garcia,michelle63@example.org,2023-02-21,China
1221,Robin Cabrera,villamiranda@example.com,2023-04-26,India
1222,Anthony Torres,mark96@example.com,2025-09-13,France
1223,Lauren Wilson,michelle96@example.net,2025-02-23,USA
1224,Joseph Lane,ubray@example.net,2024-05-23,Australia
1225,Ralph Dawson,angelica33@example.net,2024-07-01,Germany
1226,Amy Smith,taylorcruz@example.com,2023-04-15,Brazil
1227,Kevin Rose,kathleen47@example.net,2023-05-14,Brazil
1228,Suzanne Robinson,paul79@example.net,2023-07-07,Germany
1229,Barry Henderson,stephanie91@example.org,2023-08-30,Australia
1230,Brian Smith,blopez@example.com,2024-06-07,Canada
1231,Derek Mcintosh,gomezjason@example.com,2025-01-13,Australia
1232,Amy Nelson,williamspatrick@example.com,2024-07-22,Japan
1233,Christopher Hill,gstone@example.net,2023-08-20,Australia
1234,Brian Wilson,johnstonjohn@example.net,2023-03-15,USA
1235,Manuel Baldwin,olong@example.net,2023-05-10,India
1236,Kathleen Jackson,michaelroberts@example.net,2025-07-10,France
1237,Cody Velez,sstevenson@example.org,2023-12-01,Germany
1238,Carol Cook,athomas@example.net,2023-07-25,Canada
1239,Christopher Baker,jacksonkathleen@example.org,2024-06-22,Brazil
1240,Lauren Freeman,thomaswilliams@example.org,2024-10-31,Canada
1241,Sara Fox MD,kimberlygarcia@example.net,2024-10-02,Germany
1242,Gregory Gardner DDS,michael05@example.com,2024-01-22,China
1243,Patricia Vincent,rrodriguez@example.net,2025-03-07,USA
1244,William Chase,michaeljohnson@example.net,2025-03-27,USA
1245,Heather Garner,samanthagray@example.org,2025-04-10,Australia
1246,Meghan Nolan,harcher@example.org,2025-12-12,Germany
1247,Stacy Myers,rlandry@example.com,2023-11-06,UK
1248,Mia Flowers,hamiltonspencer@example.com,2023-08-16,China
1249,Kathryn Jennings,hbecker@example.com,2023-12-01,Germany
1250,Elizabeth Roberts,alexis03@example.com,2024-12-03,Canada
1251,John Smith,donna00@example.com,2025-07-11,Japan
1252,Rachel Shaw,stephaniereeves@example.org,2023-06-19,Germany
1253,Kevin Miller,antoniofitzpatrick@example.org,2026-01-14,China
1254,Jenny Rasmussen,orozcosamantha@example.net,2025-06-26,Germany
1255,Meghan Morris,feliciagonzalez@example.org,2023-12-26,Germany
1256,Eric Evans,ygardner@example.com,2024-04-19,Australia
1257,Melissa Gordon,taylor67@example.com,2023-05-05,UK
1258,Thomas Johnson,idavis@example.net,2025-12-07,China
1259,Lauren Watson,brian62@example.com,2025-10-08,USA
1260,Phillip Holmes,millerjoseph@example.net,2025-01-22,France
1261,Samantha Cunningham,michelle19@example.net,2023-05-17,UK
1262,Meredith Black,rtaylor@example.net,2024-08-01,UK
1263,Eric Hays,shaffercindy@example.org,2025-08-10,Japan
1264,Larry Martinez,wrightdale@example.org,2023-05-25,France
1265,Anthony Martinez,lwebb@example.org,2025-07-19,UK
1266,Samantha Maldonado,reynoldsdaisy@example.org,2025-07-29,Canada
1267,Cynthia Hunt,thomasroberts@example.net,2023-06-24,USA
1268,Holly Hill,gwolfe@example.com,2023-05-09,UK
1269,Alfred Bryant,tsmith@example.org,2024-04-20,USA
1270,Lisa Williams,sydney77@example.com,2024-12-26,Australia
1271,Jonathan Callahan,michaelmccarthy@example.com,2023-01-29,Germany
1272,Christian Rios,stephen24@example.net,2024-08-03,China
1273,Thomas Brewer,mestes@example.net,2023-12-17,Australia
1274,Katie Hopkins,david59@example.net,2023-08-05,USA
1275,Jennifer Williams,jesseortega@example.com,2024-02-05,UK
1276,Peter Zavala,danielgilmore@example.net,2025-11-07,France
1277,Jennifer Brown,danny17@example.com,2025-09-23,USA
1278,Tammy Morris,ogray@example.net,2024-11-14,UK
1279,John Shelton,jamesmartin@example.net,2024-09-20,India
1280,Kevin Soto,harrislisa@example.org,2025-06-23,Japan
1281,Joshua Jones,faithrosario@example.net,2024-02-17,Canada
1282,Ronnie Hudson MD,michael82@example.org,2024-12-23,Canada
1283,Shelly Carroll,kimberlyevans@example.org,2024-05-14,Brazil
1284,Joshua Johnson,sandra46@example.net,2024-07-19,Brazil
1285,Brooke Roberts,melissafrederick@example.net,2024-02-15,Australia
1286,Kimberly Snow,qgiles@example.net,2023-12-27,Japan
1287,Dean Cook,tayloramy@example.net,2023-02-21,China
1288,Susan Brown,kjones@example.net,2024-01-15,Canada
1289,Amanda Zavala,ngeorge@example.org,2025-02-27,Brazil
1290,Carl Cummings,johnsonwilliam@example.net,2025-09-17,Japan
1291,Richard Walter,andrewbrown@example.org,2024-02-07,Germany
1292,Melanie Rojas,xwilliams@example.com,2024-08-26,China
1293,Jeffery Taylor,nwilson@example.com,2025-02-19,USA
1294,Thomas Allen,chapmanjeremy@example.net,2024-02-09,Japan
1295,Kimberly Williams,marksjohn@example.org,2025-04-23,France
1296,Christopher Williams,carrie34@example.org,2023-04-13,Brazil
1297,Bryan Jones,shawna37@example.net,2024-11-13,USA
1298,Thomas Robinson,shelly84@example.net,2025-04-04,USA
1299,Emma Weaver,brownrachel@example.net,2023-10-14,Brazil
1300,Mr. Thomas Skinner,kevintran@example.org,2025-11-25,India
1301,Brenda Spence,dsantos@example.org,2024-03-02,India
1302,Debra Chapman,margaret10@example.com,2023-02-12,Canada
1303,Albert Reyes,nwilliams@example.com,2025-08-12,Brazil
1304,Anthony Torres,sharon95@example.com,2023-08-09,Brazil
1305,Nicole Peterson,yglenn@example.net,2025-06-25,Canada
1306,Renee Tran,michele87@example.com,2025-11-01,Canada
1307,Kelly Martin,pmcdonald@example.org,2024-10-07,Australia
1308,Michael Hill,kelseyphillips@example.net,2025-10-09,China
1309,Heidi Hopkins,martinezashley@example.com,2024-03-27,UK
1310,Jill Smith,owenstammy@example.com,2025-07-23,Canada
1311,Jennifer Riley,hillcheryl@example.com,2024-12-18,UK
1312,David Buchanan,misty23@example.net,2025-11-28,France
1313,Mary Hall,lopezwilliam@example.com,2023-07-30,China
1314,Mitchell Brown,theresa05@example.net,2024-10-15,China
1315,Hannah Jones,ewilson@example.org,2025-03-16,Japan
1316,Sandra Becker,maynancy@example.org,2023-08-31,Australia
1317,Heather Hester,thomas49@example.org,2023-02-16,India
1318,Timothy Buck,rodriguezjason@example.com,2023-07-14,China
1319,Katie Perkins,shelby69@example.org,2024-08-01,Japan
1320,Phillip Banks,benjaminvictoria@example.net,2025-01-08,France
1321,Kimberly Barnes,abbottallison@example.org,2024-07-24,Brazil
1322,Kelly Stewart,marycarter@example.org,2024-11-14,Japan
1323,Vanessa Hall,kaitlin13@example.com,2024-01-14,China
1324,Heidi Bell,melendezdenise@example.net,2025-04-01,India
1325,Crystal Carey,sarasanchez@example.com,2023-09-29,Canada
1326,Lisa Flynn,lee16@example.com,2025-01-27,Canada
1327,Johnny Keith,rachelwalter@example.org,2024-07-26,Japan
1328,Ralph Dawson,inewton@example.org,2023-07-21,Germany
1329,Christopher Jones,wstrong@example.org,2025-07-21,India
1330,Michelle Wilson,brittany91@example.net,2024-04-04,Brazil
1331,Heather Cole,vmccoy@example.com,2023-03-10,Germany
1332,Chad White,hernandezalan@example.net,2023-12-02,India
1333,Jamie Gonzales,shirley13@example.com,2024-02-29,Australia
1334,Joseph Fox,ymitchell@example.com,2024-07-13,Brazil
1335,Amanda Landry,russellramirez@example.net,2025-04-28,India
1336,Christopher Roberts,kgonzales@example.com,2023-12-30,India
1337,Larry Rodriguez,elizabeththomas@example.org,2025-11-13,Canada
1338,Caroline George,moyeramber@example.org,2024-09-15,Australia
1339,Allison Harris,hdennis@example.org,2023-01-27,India
1340,Brian Mccarthy,wallaceryan@example.com,2025-07-17,Australia
1341,Donald Barnett,linda31@example.com,2023-04-25,France
1342,Jesse Moss,mannleroy@example.org,2023-07-10,Australia
1343,Rebecca Stewart,averycourtney@example.org,2024-05-08,UK
1344,Tony Nunez,theodore72@example.net,2023-06-18,Brazil
1345,Mark Davis,aaronjones@example.net,2024-07-16,Canada
1346,Amanda Watts,pwelch@example.net,2024-11-19,Canada
1347,Tiffany Humphrey,nancycontreras@example.com,2024-02-05,Canada
1348,Howard Castillo,robinsonsydney@example.com,2025-06-10,Canada
1349,David Coleman,stevenflores@example.org,2024-04-23,India
1350,Carl Khan,rburke@example.org,2024-02-04,Canada
1351,Daniel Rosales,xbrown@example.com,2023-02-20,Australia
1352,James Ramos,dgreen@example.com,2023-11-02,UK
1353,Mark Williams,kortiz@example.org,2024-07-04,Japan
1354,Ashley Donaldson,david80@example.net,2024-08-28,USA
1355,Richard Cook,katie81@example.net,2023-02-12,China
1356,Joseph Galloway,oheath@example.com,2023-03-14,Japan
1357,Erin Lewis,shelbyjohnson@example.org,2025-06-15,Japan
1358,Kathryn Moody,moorekevin@example.org,2025-04-25,Australia
1359,Amanda Brady,irios@example.net,2024-12-11,Canada
1360,Angela Wagner,vsmith@example.net,2025-09-05,India
1361,Noah Sparks,marievillarreal@example.com,2024-11-12,Australia
1362,Elizabeth Stevens,bakerdiana@example.com,2024-04-29,India
1363,Daniel Russell,timothy88@example.org,2024-03-07,USA
1364,Monica Bean PhD,chavezbecky@example.org,2024-03-13,France
1365,Jacob Hart,martin11@example.net,2024-03-30,China
1366,Katherine Wright,richardmassey@example.net,2023-07-24,France
1367,Crystal Saunders,robert52@example.org,2025-03-21,Australia
1368,Jennifer Smith,karinorton@example.net,2024-01-06,Canada
1369,Cynthia Murray,vrobertson@example.net,2024-07-20,China
1370,Michael Bennett,martinkaitlin@example.org,2023-04-19,Japan
1371,Ashley Mcclure,zjackson@example.net,2023-08-24,Germany
1372,Kimberly Ross,david44@example.net,2024-07-06,UK
1373,Kristy Martin,alexandra39@example.net,2024-01-08,Brazil
1374,Kaitlyn Clark,sara22@example.net,2024-03-01,Germany
1375,Evan White,ajones@example.com,2025-03-13,Canada
1376,Brandon Ellis,browntaylor@example.org,2025-02-26,Australia
1377,Sophia Cooper,reillyjoshua@example.com,2023-04-03,Japan
1378,Marcus Powell,ann31@example.net,2024-10-20,Australia
1379,Diana Baker,martinezalexa@example.net,2023-07-05,Canada
1380,Raymond Vargas,tammy97@example.org,2025-05-07,France
1381,Virginia Davis,douglasalvarez@example.org,2023-07-23,China
1382,Amy Hunt,ecoleman@example.com,2024-01-09,Germany
1383,Cynthia Long,wmccarthy@example.com,2023-12-17,India
1384,Blake Jacobs,stephaniedougherty@example.com,2025-07-26,Japan
1385,Kristina Henry,gina86@example.net,2025-03-08,China
1386,Jacob Owens,jessica39@example.net,2024-02-05,China
1387,Cheryl Brooks,gonzalezmichael@example.org,2025-09-05,Japan
1388,Brandon Wood,wesley09@example.com,2023-01-26,USA
1389,John Williams,joshua09@example.org,2023-02-25,China
1390,Yolanda Chen,vthompson@example.net,2025-08-22,France
1391,Amanda Johnson,janicethompson@example.org,2025-04-20,USA
1392,Barbara Ramos,edwardsmichaela@example.com,2023-04-20,UK
1393,Lucas Smith,rachael29@example.net,2025-12-31,France
1394,Teresa Powell,brownmandy@example.net,2025-11-19,France
1395,Christopher Williams,haleyortiz@example.net,2023-06-30,Australia
1396,April Hill,david79@example.net,2025-04-16,Australia
1397,Anita Hardin,jessicalopez@example.net,2023-04-24,USA
1398,Christopher Smith,steven34@example.net,2024-12-06,UK
1399,Cheryl Campos,lancegray@example.com,2024-12-23,UK
1400,Ethan Perez,joshuagonzalez@example.com,2023-08-02,China
1401,Brandon Kelly,michael87@example.net,2023-10-30,India
1402,Travis Richards,amandaclark@example.net,2025-02-10,Canada
1403,Melanie Roberts,holly88@example.net,2024-05-09,UK
1404,Raymond Scott,hgreen@example.net,2025-06-07,USA
1405,Charles Willis,anne90@example.com,2025-01-09,Canada
1406,Sheila Smith,valvarez@example.net,2025-02-25,Japan
1407,Hunter Martin,karengonzales@example.net,2025-10-04,Germany
1408,Jessica Ross,johnnybrooks@example.com,2024-06-02,India
1409,Andrew Hickman,kathrynsantana@example.net,2024-07-01,India
1410,Derrick Ray,martingarrett@example.com,2023-05-18,Brazil
1411,Terri Gonzalez,davidcook@example.org,2025-09-16,Australia
1412,Ralph Solis,dfoster@example.org,2025-12-17,UK
1413,Christopher Parker,joelharris@example.org,2025-01-10,Australia
1414,Justin Rowe,woodsmelvin@example.com,2025-03-22,France
1415,Daniel Kennedy,tguerra@example.org,2024-09-13,Australia
1416,Carl Hines,ricardomurphy@example.com,2025-05-04,China
1417,Jessica Long,reedelizabeth@example.net,2025-07-05,China
1418,Cassandra Young,matthew09@example.net,2023-02-18,Canada
1419,Maria Taylor,bradleyturner@example.org,2025-04-22,USA
1420,Jessica Mitchell,eleonard@example.org,2024-01-26,UK
1421,Cassie Sanders,marshallchristopher@example.net,2023-11-01,UK
1422,Jennifer Roman,luisandrews@example.com,2025-04-01,China
1423,Matthew Santiago,twise@example.com,2025-02-09,USA
1424,Lindsey Lang,xshaw@example.com,2023-10-30,Canada
1425,Valerie Rodriguez,tinaschmidt@example.com,2025-03-09,France
1426,Adam Vaughan,james97@example.com,2025-08-29,Brazil
1427,Bryan Burns,brendan95@example.com,2023-03-14,India
1428,Pamela Johnson,guy56@example.org,2024-04-30,Brazil
1429,Andrew Rodriguez,schmidtrandy@example.org,2024-05-23,China
1430,Nicholas Schultz,worozco@example.com,2023-04-22,Brazil
1431,Roger Conley,uwilliams@example.com,2025-02-12,India
1432,Misty Burnett,reyestina@example.org,2023-03-02,France
1433,Elizabeth Morales,stephaniescott@example.net,2024-01-24,Germany
1434,Thomas Sanford,ashleycooley@example.net,2025-04-12,Japan
1435,Dana Lindsey,ashley36@example.com,2024-08-04,Canada
1436,Destiny Powers,rbrowning@example.com,2025-04-16,Australia
1437,Albert Perry,joshuaford@example.net,2023-11-14,India
1438,Albert Nguyen,carrjessica@example.net,2024-01-03,Canada
1439,Madison Murphy,jalvarez@example.org,2025-07-13,France
1440,Rodney Hernandez,sclark@example.org,2024-01-30,China
1441,Andrew Phelps,welchanna@example.com,2025-01-25,Brazil
1442,Kendra Torres,shannon70@example.org,2023-04-20,Japan
1443,Guy Reynolds,potterjustin@example.net,2024-12-04,France
1444,Thomas Anderson,davisjeffery@example.org,2024-07-10,USA
1445,Christopher Waters,wpierce@example.org,2024-10-05,Germany
1446,Emma Cox,beckgloria@example.net,2024-04-21,India
1447,Joseph Myers,dsimpson@example.com,2025-05-03,China
1448,Thomas Thompson,aaron57@example.net,2025-07-12,USA
1449,Janet Delgado,ojenkins@example.org,2023-07-27,USA
1450,Manuel Duarte,udougherty@example.net,2024-11-27,Germany
1451,Kaitlyn Davis,andrew96@example.net,2023-10-20,France
1452,Thomas Ellis,gregorygiles@example.org,2024-08-01,Germany
1453,Steven Clark,rstevens@example.net,2024-01-08,UK
1454,Christopher Murray,laramary@example.org,2024-05-19,France
1455,Andrea Goodman,ecamacho@example.com,2023-10-15,France
1456,David Baldwin,baldwincatherine@example.net,2023-04-07,Australia
1457,Ronald Brown,uclayton@example.org,2025-03-12,Canada
1458,Kayla Banks,gcobb@example.org,2024-02-21,USA
1459,Lauren Moody,michaeldouglas@example.org,2025-08-04,Brazil
1460,Christine Davis,ellisjenna@example.org,2025-10-15,India
1461,Michael Rivera,klyons@example.com,2025-04-27,UK
1462,Brittany Roberts,nicoleelliott@example.net,2024-10-31,UK
1463,Brooke Walters,rmarquez@example.com,2023-12-04,India
1464,Betty Lawson,oscott@example.org,2023-07-08,Japan
1465,Brittany Smith,jennifer86@example.com,2025-08-08,Germany
1466,Gregory Moore,alexandra67@example.net,2024-11-27,Japan
1467,Casey Prince,barnettcalvin@example.org,2023-07-24,Japan
1468,Donald Strickland,santosmichael@example.com,2023-12-24,Australia
1469,Alexandria Francis,judithcox@example.org,2024-10-04,Canada
1470,Gary Jones,wallerbrian@example.net,2024-03-31,India
1471,Robert White,jeremylove@example.org,2024-08-14,USA
1472,Kristen Davis,jessicalowery@example.org,2023-03-05,India
1473,Darren Willis,imarshall@example.org,2024-08-14,USA
1474,Christina Wilson,alvarezcory@example.net,2024-01-04,Brazil
1475,Mr. Kevin Callahan,cortezscott@example.net,2023-09-12,Canada
1476,Lisa Bryant,kingrichard@example.com,2023-08-21,Australia
1477,Jordan Palmer,joseph83@example.com,2024-07-12,China
1478,Ellen Alexander,tonyflores@example.net,2023-11-17,India
1479,Austin Reynolds,cody75@example.net,2024-06-18,China
1480,Cheryl Rodriguez,jasonshaw@example.com,2025-02-10,India
1481,Michael Pennington,ashleymoore@example.org,2025-05-08,India
1482,Christopher Moore,markblack@example.com,2023-08-18,France
1483,Penny Adams,thomas45@example.org,2025-01-04,Canada
1484,Sandra Stewart,ronald66@example.org,2023-12-21,India
1485,Wayne Gomez,theresawang@example.org,2025-05-03,USA
1486,Matthew Scott,andrew66@example.com,2025-07-04,Australia
1487,Rebecca Williamson,ggates@example.org,2024-09-22,UK
1488,John Griffith,ccrane@example.net,2023-10-13,China
1489,Michelle Wright,dbrown@example.net,2024-03-22,Brazil
1490,Jessica Mitchell,vtaylor@example.org,2024-01-30,Australia
1491,Jennifer Hernandez,brittanyandrews@example.net,2024-01-10,Canada
1492,Kenneth Farmer,angela40@example.org,2023-04-26,India
1493,Richard Dawson,susan57@example.net,2025-05-14,Canada
1494,John Murray,james44@example.net,2025-09-14,Germany
1495,Bryan Jenkins,zshaffer@example.org,2025-04-17,India
1496,William Brooks,gforbes@example.com,2025-07-18,China
1497,Kenneth Walters DDS,mccannkimberly@example.net,2025-06-03,India
1498,Sarah Berry,mbishop@example.org,2023-07-12,Japan
1499,Donald Hayes,debrajones@example.net,2025-05-08,Canada
1500,Richard Stevenson,zpreston@example.net,2024-10-10,India
